,index,날짜,시가,고가,저가,종가,거래량,fluct,MA5,MA20,MA60,disparity5,disparity20,disparity60,stddev,upper,lower,tp,pmf,nmf,mfr,mfi14,touch,label
0,0,2018-01-02,35800,36100,35350,35850,34383,,35850.0,35850.0,35850.0,100.0,100.0,100.0,,,,35666.666666666664,0.0,0.0,,,0.0,-100
1,1,2018-01-03,36000,36150,35550,35700,28529,-0.4201680672268907,35775.0,35775.0,35775.0,99.79035639412996,99.79035639412996,99.79035639412996,106.06601717798212,35987.132034355964,35562.86796564404,35750.0,1019911750.0,0.0,,,0.0,-100
2,2,2018-01-04,35900,36650,35200,35250,59527,-1.276595744680851,35600.0,35600.0,35600.0,99.01685393258428,99.01685393258428,99.01685393258428,312.2498999199199,36224.49979983984,34975.50020016016,35450.0,0.0,2110232150.0,,,0.0,-100
3,3,2018-01-05,35500,38400,35250,37550,152039,6.125166444740346,36087.5,36087.5,36087.5,104.05264980949084,104.05264980949084,104.05264980949084,1007.7822185373188,38103.06443707464,34071.93556292536,36100.0,5488607900.0,0.0,,,0.0,-100
4,4,2018-01-08,37700,37700,36700,37450,42126,-0.2670226969292389,36360.0,36360.0,36360.0,102.997799779978,102.997799779978,102.997799779978,1064.4247272588136,38488.84945451763,34231.15054548237,37283.333333333336,1570597700.0,0.0,,,0.0,-100
5,5,2018-01-09,37300,37450,36400,36700,34143,-2.043596730245232,36530.0,36416.66666666666,36416.66666666666,100.46537092800438,100.77803203661328,100.77803203661328,962.1157241551906,38340.89811497705,34492.43521835628,36800.0,0.0,1256462400.0,,,0.0,-100
6,6,2018-01-10,36850,36950,36150,36450,31380,-0.6858710562414266,36680.0,36421.42857142857,36421.42857142857,99.37295528898582,100.07844675426554,100.07844675426554,878.3778338776651,38178.1842391839,34664.67290367324,36483.333333333336,0.0,1144847000.0,,,0.0,-100
7,7,2018-01-11,36250,37050,36200,36800,21561,0.9510869565217392,36990.0,36468.75,36468.75,99.48634766153012,100.9083119108826,100.9083119108826,824.1608286181596,38117.07165723632,34820.428342763684,36416.66666666666,0.0,785179750.0,,,0.0,-100
8,8,2018-01-12,36800,39500,36700,38900,213175,5.398457583547557,37260.0,36738.88888888889,36738.88888888889,104.4015029522276,105.88235294117648,105.88235294117648,1118.5307823708342,38975.95045363056,34501.82732414722,37466.66666666666,7986956666.0,0.0,,,0.0,-100
9,9,2018-01-15,39450,39650,38050,38850,76295,-0.1287001287001287,37540.0,36950.0,36950.0,103.48961108151305,105.14208389715832,105.14208389715832,1248.1096817899368,39446.21936357988,34453.780636420124,38783.333333333336,2958974416.0,0.0,,,0.0,-100
10,10,2018-01-16,38850,38950,37750,38100,60265,-1.968503937007874,37820.0,37054.545454545456,37054.545454545456,100.74034902168164,102.82139352306184,102.82139352306184,1233.7857483077328,39522.11695116092,34586.97395792999,38233.333333333336,0.0,2304131833.0,,,0.0,-100
11,11,2018-01-17,38300,38500,37200,38500,69194,1.0389610389610389,38230.0,37175.0,37175.0,100.70625163484176,103.56422326832548,103.56422326832548,1248.1804939408985,39671.3609878818,34678.639012118205,38000.0,0.0,2629372000.0,,,0.0,-100
12,12,2018-01-18,39000,39000,37500,38200,47415,-0.7853403141361256,38510.0,37253.84615384616,37253.84615384616,99.19501428200468,102.53974809002683,102.53974809002683,1228.3901284576923,39710.62641076154,34797.06589693077,38233.333333333336,1812833500.0,0.0,,,0.0,-100
13,13,2018-01-19,37900,38900,37350,37350,46788,-2.275769745649264,38200.0,37260.71428571428,37260.71428571428,97.77486910994764,100.239624269146,100.239624269146,1180.4788095430677,39621.671904800416,34899.75666662815,37533.333333333336,0.0,1756109600.0,1.7384698822593778,63.48325733000398,0.0,-100
14,14,2018-01-22,37350,38250,36950,37850,46463,1.321003963011889,38000.0,37300.0,37300.0,99.60526315789474,101.4745308310992,101.4745308310992,1147.6684439082812,39595.33688781656,35004.66311218344,37383.333333333336,0.0,1736941816.0,1.5184334337063574,60.29277619109796,0.0,-100
15,15,2018-01-23,38000,38350,37600,37950,34803,0.2635046113306983,37970.0,37340.625,37340.625,99.94732683697656,101.63193572683906,101.63193572683906,1120.5978686992632,39581.82073739853,35099.42926260147,37850.0,1317293550.0,0.0,1.5401033169108658,60.63152261002733,0.0,-100
16,16,2018-01-24,38700,39350,38350,38400,49783,1.171875,37950.0,37402.94117647059,37402.94117647059,101.18577075098814,102.66572304788866,102.66572304788866,1115.0211024117557,39632.9833812941,35172.898971647075,38483.333333333336,1915815783.0,0.0,1.984929939386517,66.49837616605745,0.0,-100
17,17,2018-01-25,38350,39100,38200,38700,32799,0.7751937984496124,38050.0,37475.0,37475.0,101.70827858081472,103.26884589726484,103.26884589726484,1124.1009479474994,39723.201895895,35226.798104105,38416.66666666666,0.0,1260028250.0,1.3642796940452504,57.70381979261457,0.0,-100
18,18,2018-01-26,38700,40250,38400,39950,108512,3.128911138923655,38570.0,37605.26315789474,37605.26315789474,103.5779102929738,106.23512946116163,106.23512946116163,1231.1799598625892,40067.62307761992,35142.903238169565,39016.66666666666,4233776533.0,0.0,1.571159504764479,61.107041467207566,0.0,-100
19,19,2018-01-29,40600,41800,40000,40500,86546,1.3580246913580247,39100.0,37750.0,37750.0,103.58056265984656,107.28476821192052,107.28476821192052,1361.9838471876217,40473.96769437524,35026.03230562476,40366.66666666666,3493573533.0,0.0,2.04183694490756,67.12512806861218,1.0,-100
20,20,2018-01-30,40600,41350,39700,41350,95400,2.0556227327690446,39780.0,38025.0,37921.42857142857,103.94670688788337,108.74424720578564,109.04125070634772,1505.822034637558,41036.64406927511,35013.35593072489,40550.0,3868470000.0,0.0,2.63448411934203,72.4857788020536,1.0,-100
21,21,2018-01-31,40850,41000,39850,40150,56785,-2.9887920298879203,40130.0,38247.5,38022.72727272727,100.04983802641416,104.97418131904044,105.59473998804545,1472.5984016803675,41192.69680336073,35302.30319663927,40283.333333333336,0.0,2287489083.0,2.3039524599567858,69.73322067675636,0.0,-100
22,22,2018-02-01,40750,41500,40000,40150,85083,0.0,40420.0,38492.5,38115.21739130434,99.33201385452746,104.30603364291746,105.33850453430676,1350.1729908656712,41192.84598173134,35792.15401826866,40300.0,3428844900.0,0.0,1.923287340818292,65.79193615226076,0.0,-100
23,23,2018-02-02,40000,40150,39150,39400,55026,-1.903553299492386,40310.0,38585.0,38168.75,97.7424956586455,102.11221977452378,103.2258064516129,1345.5677729415718,41276.135545883146,35893.864454116854,39516.66666666666,0.0,2174444100.0,1.4185662179367673,58.65318912570106,0.0,-100
24,24,2018-02-05,38800,40700,38800,39350,127299,-0.1270648030495552,40080.0,38680.0,38216.0,98.17864271457086,101.73216132368148,102.96734352103832,1328.1764308927266,41336.35286178545,36023.64713821455,38983.333333333336,0.0,4962539350.0,1.19418684593069,54.42502985310541,0.0,-100
25,25,2018-02-06,37450,38800,37200,38400,145418,-2.473958333333333,39490.0,38765.0,38223.07692307692,97.23980754621422,99.05842899522766,100.46286979271484,1246.6903553430009,41258.380710686,36271.619289314,37683.333333333336,0.0,5479834966.0,1.0210211372717803,50.52006228148997,0.0,-100
26,26,2018-02-07,38700,40300,38500,39150,138133,1.9157088122605364,39290.0,38900.0,38257.40740740741,99.64367523542886,100.6426735218509,102.33312357810156,1122.8488204937496,41145.6976409875,36654.3023590125,38783.333333333336,5357258183.0,0.0,1.2013311984843331,54.57294201397215,0.0,-100
27,27,2018-02-08,39500,39700,38150,39000,82180,-0.3846153846153846,39060.0,39010.0,38283.92857142857,99.8463901689708,99.97436554729556,101.8704230607771,1008.203195893824,41026.40639178765,36993.59360821235,38883.333333333336,3195432333.0,0.0,1.4976844371945248,59.96291664757977,0.0,-100
28,28,2018-02-09,37500,38900,37500,38700,54682,-0.7751937984496124,38920.0,39000.0,38298.27586206896,99.43473792394656,99.23076923076924,101.04893530815288,1010.341265951364,41020.68253190273,36979.31746809727,37900.0,0.0,2072447800.0,1.4701312182032302,59.51632072698556,0.0,-100
29,29,2018-02-12,38750,40850,38750,40500,158908,4.444444444444445,39150.0,39082.5,38371.66666666666,103.44827586206895,103.62694300518132,105.54662728575772,1063.4198804354078,41209.33976087082,36955.66023912918,39333.333333333336,6250381333.0,0.0,1.7406332927464412,63.51208304129296,0.0,-100
30,30,2018-02-13,40900,41200,38650,38750,110752,-4.516129032258064,39220.0,39115.0,38383.87096774193,98.80163182049976,99.06685414802506,100.95386166904782,1041.5196387465437,41198.03927749309,37031.96072250691,39433.333333333336,4367320533.0,0.0,1.8750596702604967,65.21811319799863,0.0,-100
31,31,2018-02-14,38700,39050,37850,38750,72959,0.0,39140.0,39127.5,38395.3125,99.0035769034236,99.03520541818416,100.9237781304684,1035.2313496839315,41197.96269936786,37057.03730063214,38433.333333333336,0.0,2804057566.0,1.7286982886585232,63.35248920130273,0.0,-100
32,32,2018-02-19,38750,39100,37900,38200,88205,-1.4397905759162304,38980.0,39127.5,38389.393939393936,97.99897383273472,97.62954443805508,99.50665035323836,1035.2313496839315,41197.96269936786,37057.03730063214,38283.333333333336,0.0,3376781416.0,1.2937993666976966,56.40420803500066,0.0,-100
33,33,2018-02-20,38300,38600,38000,38250,30863,0.130718954248366,38890.0,39172.5,38385.294117647056,98.35433273335047,97.64503159103964,99.6475365872347,971.4984356787766,41115.49687135755,37229.50312864245,38183.333333333336,0.0,1178452216.0,1.0875927314349427,52.0979363004089,0.0,-100
34,34,2018-02-21,38250,38700,38200,38450,28842,0.5201560468140443,38480.0,39202.5,38387.142857142855,99.92203742203742,98.08047956125247,100.16374530162628,937.167484890954,41076.83496978191,37328.16503021809,38300.0,1104648600.0,0.0,0.9740236929988636,49.3420467268639,0.0,-100
35,35,2018-02-22,38450,38800,37900,38500,44795,0.1298701298701298,38430.0,39230.0,38390.27777777778,100.18214936247722,98.13917919959216,100.28580731522014,906.0324148959018,41042.0648297918,37417.9351702082,38283.333333333336,0.0,1714901916.0,0.9974930649964422,49.937247967277365,0.0,-100
36,36,2018-02-23,38550,44700,38500,42300,610697,8.983451536643026,39140.0,39425.0,38495.94594594595,108.07358201328566,107.29232720355104,109.88170042475517,1113.8482368513392,41652.69647370268,37197.30352629732,39783.333333333336,24295562316.0,0.0,1.8755940656220949,65.2245770028857,1.0,-100
37,37,2018-02-26,42550,44050,42050,42850,168882,1.2835472578763127,40070.0,39632.5,38610.52631578947,106.93785874719242,108.11833722323853,110.98009814612868,1336.0660045151392,42304.63200903028,36960.36799096973,42483.333333333336,7174670300.0,0.0,2.396833438057656,70.56081735430013,1.0,-100
38,38,2018-02-27,43300,43650,42150,42650,63373,-0.4689331770222743,40950.0,39767.5,38714.10256410256,104.15140415140417,107.24838121581696,110.16657283836142,1496.5992150627071,42760.69843012541,36774.30156987459,42700.0,2706027100.0,0.0,3.2749754723127773,76.60805292389206,0.0,-100
39,39,2018-02-28,42500,42850,41250,41500,66305,-2.7710843373493974,41560.0,39817.5,38783.75,99.85563041385949,104.22552897595278,107.00357752924872,1538.4779730903545,42894.45594618071,36740.54405381929,41750.0,0.0,2768233750.0,3.913172199737752,79.6465509583935,0.0,-100
40,40,2018-03-02,41200,41550,40350,40950,55879,-1.3431013431013432,42050.0,39797.5,38836.58536585366,97.38406658739596,102.89591054714494,105.44181372856872,1519.996104565644,42837.49220913129,36757.50779086871,40833.333333333336,0.0,2281725833.0,3.0311325221668213,75.19307553147674,0.0,-100
41,41,2018-03-05,41450,41650,40000,40500,48128,-1.1111111111111112,41690.0,39815.0,38876.19047619047,97.14559846485967,101.72045711415296,104.1768740813327,1526.2699630144054,42867.53992602881,36762.46007397119,40650.0,0.0,1956403200.0,2.5284306084058854,71.65878797169285,0.0,-100
42,42,2018-03-06,41000,41400,39750,40500,63260,0.0,41220.0,39832.5,38913.95348837209,98.2532751091703,101.675767275466,104.0757784019602,1532.307771064009,42897.11554212802,36767.88445787198,40416.66666666666,0.0,2556758333.0,2.462726636229495,71.12102383314661,0.0,-100
43,43,2018-03-07,40500,41000,39600,39800,63107,-1.7587939698492463,40650.0,39852.5,38934.09090909091,97.90897908979088,99.8682642243272,102.22403829315276,1528.9723931279343,42910.444786255866,36794.55521374413,39966.66666666666,0.0,2522176433.0,1.8737799260135244,65.20262421809073,0.0,-100
44,44,2018-03-08,39800,41300,39450,40400,44735,1.4851485148514851,40430.0,39905.0,38966.66666666666,99.92579767499382,101.24044605939106,103.67835757057316,1528.836847169492,42962.67369433898,36847.326305661016,39883.333333333336,0.0,1784180916.0,1.537718503096605,60.59452619430532,0.0,-100
45,45,2018-03-09,40250,41100,40200,40700,28996,0.7371007371007371,40380.0,40020.0,39004.34782608696,100.79247152055471,101.6991504247876,104.34734143350796,1495.8187337409977,43011.637467482,37028.362532518,40383.333333333336,1170955133.0,0.0,1.809958394707592,64.41228447070793,0.0,-100
46,46,2018-03-12,41250,41450,40850,41450,50698,1.8094089264173705,40570.0,40135.0,39056.382978723406,102.16909046093171,103.27644200822226,106.12861929016968,1513.7179741494624,43162.43594829893,37107.56405170108,41183.333333333336,2087912633.0,0.0,2.299120739826356,69.68889353068559,0.0,-100
47,47,2018-03-13,41650,42300,40900,41900,44683,1.0739856801909309,40850.0,40280.0,39115.625,102.5703794369645,104.02184707050644,107.118319086043,1537.9754292746768,43355.95085854935,37204.04914145065,41483.333333333336,1853599783.0,0.0,2.5919141395089644,72.15969087343758,0.0,-100
48,48,2018-03-14,41800,42200,41250,41850,29054,-0.1194743130227001,41260.0,40437.5,39171.42857142857,101.42995637421232,103.49304482225656,106.83807439824946,1528.9207579892825,43495.341515978565,37379.65848402144,41633.333333333336,1209614866.0,0.0,2.5986494901250192,72.21179771066674,0.0,-100
49,49,2018-03-15,41850,42550,41600,42150,28866,0.7117437722419928,41610.0,40520.0,39231.0,101.29776496034606,104.02270483711746,107.4405444673855,1576.2547216006735,43672.50944320135,37367.49055679865,41866.66666666666,1208523200.0,0.0,3.007096873631434,75.04427690329959,0.0,-100
50,50,2018-03-16,42150,42400,41350,41400,31572,-1.8115942028985508,41750.0,40652.5,39273.52941176471,99.16167664670658,101.83875530410184,105.41451359245112,1530.3486874771886,43713.197374954376,37591.80262504562,41633.333333333336,0.0,1314447600.0,1.146693084546444,53.41672234383327,0.0,-100
51,51,2018-03-19,41700,41800,40650,40650,35792,-1.8450184501845013,41590.0,40747.5,39300.0,97.73984130800672,99.76072151665748,103.4351145038168,1463.546072135467,43674.59214427094,37820.40785572906,41000.0,0.0,1467472000.0,0.614761155492201,38.07133664327053,0.0,-100
52,52,2018-03-20,40400,41000,40350,40800,27262,0.3676470588235294,41370.0,40877.5,39328.301886792455,98.62218999274836,99.81040914928752,103.74208405296488,1335.19907839519,43547.89815679038,38207.10184320962,40516.66666666666,0.0,1104565366.0,0.4241169815574396,29.78104938357085,0.0,-100
53,53,2018-03-21,40850,41650,40600,40900,39909,0.2444987775061124,41180.0,41010.0,39357.40740740741,99.3200582807188,99.7317727383565,103.91944666635298,1183.6162251426974,43377.2324502854,38642.767549714605,40783.333333333336,1627622050.0,0.0,0.6110483615547135,37.92861692649824,0.0,-100
54,54,2018-03-22,40900,42950,40900,42000,105452,2.619047619047619,41150.0,41187.5,39405.454545454544,102.06561360874848,101.97268588770864,106.58422922530336,1036.5523573238745,43260.60471464775,39114.39528535225,41266.66666666666,4351652533.0,0.0,1.063267441094513,51.53318566062749,0.0,-100
55,55,2018-03-23,41100,41850,39850,40050,80296,-4.868913857677903,40880.0,41265.0,39416.96428571428,97.9696673189824,97.0556161395856,101.60599814256916,869.528002636153,43004.05600527231,39525.94399472769,40333.333333333336,0.0,3238605333.0,0.9658050658068872,49.13025622967665,0.0,-100
56,56,2018-03-26,40050,40850,39600,40800,39064,1.8382352941176472,40910.0,41190.0,39441.22807017544,99.73111708628696,99.0531682447196,103.44505482285436,839.7368008708673,42869.47360174174,39510.52639825826,40150.0,0.0,1568419600.0,1.0392321660114232,50.96193475822222,0.0,-100
57,57,2018-03-27,41150,43300,41000,43300,86827,5.773672055427252,41410.0,41212.5,39507.75862068965,104.56411494808016,105.06521079769486,109.59872569770232,891.0187841365675,42994.53756827313,39430.46243172687,41816.66666666666,3630815716.0,0.0,1.6359230499015254,62.06262546103694,1.0,-100
58,58,2018-03-28,43000,43450,41900,42150,83110,-2.7283511269276395,41660.0,41187.5,39552.54237288136,101.17618819011042,102.33687405159333,106.56710661638672,854.8430142121799,42897.18602842436,39477.81397157564,42350.0,3519708500.0,0.0,2.376531993870109,70.38381387129043,0.0,-100
59,59,2018-03-29,42050,43500,41900,43350,71003,2.768166089965398,41930.0,41280.0,39615.833333333336,103.38659670880035,105.01453488372093,109.4259450135678,981.191542006585,43242.38308401317,39317.61691598683,42433.333333333336,3012893966.0,0.0,2.5884071575726173,72.13248229399778,1.0,-100
60,60,2018-03-30,43250,43700,42650,43000,55770,-0.813953488372093,42520.0,41382.5,39735.0,101.1288805268109,103.90865704101977,108.21693720900969,1049.5957868577173,43481.69157371544,39283.308426284566,42966.66666666666,2396251000.0,0.0,2.623874807645169,72.40522774433782,0.0,-100
61,61,2018-04-02,43150,43700,42750,42900,31960,-0.2331002331002331,42940.0,41502.5,39855.0,99.906846762925,103.3672670321065,107.64019570944674,1080.1407072082866,43662.781414416575,39342.21858558343,42933.333333333336,0.0,1372149333.0,2.082037683570172,67.5539333820987,0.0,-100
62,62,2018-04-03,42750,42950,41950,42600,35298,-0.7042253521126761,42800.0,41607.5,39977.5,99.53271028037383,102.38538724989483,106.559939966231,1079.6289567302845,43766.75791346057,39448.24208653943,42433.333333333336,0.0,1497811800.0,1.707745616376963,63.06890891257255,0.0,-100
63,63,2018-04-04,42650,42950,41800,42800,42093,0.4672897196261681,42930.0,41757.5,40065.0,99.69718145818774,102.49655750463988,106.82640708848122,1022.159092571363,43801.81818514273,39713.18181485727,42416.66666666666,0.0,1785444750.0,1.388797717189763,58.1379372223939,0.0,-100
64,64,2018-04-05,43000,43050,42400,42900,18894,0.2331002331002331,42840.0,41882.5,40155.833333333336,100.14005602240896,102.42941562705188,106.83379334675328,1000.0361835558996,43882.5723671118,39882.4276328882,42766.66666666666,808033400.0,0.0,1.607630422251425,61.65100731043776,0.0,-100
65,65,2018-04-06,43000,44050,42250,43500,35675,1.3793103448275863,42940.0,42022.5,40269.16666666666,101.30414531904984,103.51597358557916,108.02309459263708,1021.5410185751604,44065.58203715032,39979.41796284968,42916.66666666666,1531052083.0,0.0,1.975777116638311,66.39533268776243,0.0,-100
66,66,2018-04-09,43700,46000,43600,45350,134535,4.079382579933848,43430.0,42217.5,40417.5,104.42090720699976,107.4199088055901,112.20387208511164,1252.6051799518086,44722.71035990362,39712.28964009638,44216.66666666666,5948689250.0,0.0,2.835076844381126,73.92490318766032,1.0,-100
67,67,2018-04-10,45700,47500,45250,46200,163913,1.83982683982684,44150.0,42432.5,40574.16666666666,104.64326160815402,108.87880751782242,113.86555484811764,1532.9087417476337,45498.31748349527,39366.682516504734,45716.66666666666,7493555983.0,0.0,3.4549951346244008,77.55328637223506,1.0,-100
68,68,2018-04-11,47200,57700,46850,48700,957972,5.133470225872689,45330.0,42775.0,40737.5,107.43437017427752,113.85154880187024,119.54587296716784,2067.8300347542054,46910.66006950841,38639.33993049159,47583.333333333336,45583501000.0,0.0,7.812421811634411,88.65238158845538,1.0,-100
69,69,2018-04-12,49450,50400,46600,47700,212262,-2.0964360587002098,46290.0,43052.5,40885.0,103.04601425793908,110.7949596422972,116.66870490399904,2334.719356514656,47721.93871302931,38383.06128697069,47916.66666666666,10170887500.0,0.0,13.51184872193178,93.10907921408597,0.0,-100
70,70,2018-04-13,47350,47500,45800,47450,140278,-0.5268703898840885,47080.0,43355.0,41040.833333333336,100.785896346644,109.44527736131934,115.61656074235007,2495.72792882895,48346.4558576579,38363.5441423421,46866.66666666666,0.0,6574362266.0,7.488613057918619,88.21951250249123,0.0,-100
71,71,2018-04-16,47400,48700,46750,48600,96722,2.366255144032922,47730.0,43752.5,41209.16666666666,101.82275298554369,111.07936689332038,117.93492548179006,2669.2929775504217,49091.08595510085,38413.91404489915,47583.333333333336,4602355166.0,0.0,7.575127706939803,88.33836609581097,0.0,-100
72,72,2018-04-17,48500,48950,47700,48400,58019,-0.4132231404958678,48170.0,44132.5,41379.16666666666,100.47747560722442,109.66974451934514,116.96707280233612,2766.066702015697,49664.6334040314,38600.36659596861,48200.0,2796515800.0,0.0,7.5107280959768286,88.2501239761999,0.0,-100
73,73,2018-04-18,48600,49750,47850,48100,85080,-0.6237006237006237,48050.0,44492.5,41558.333333333336,100.10405827263268,108.10810810810813,115.74092640866252,2791.6357683547994,50075.7715367096,38909.228463290405,48183.333333333336,0.0,4099438000.0,5.305613375634955,84.14111458428414,0.0,-100
74,74,2018-04-19,47200,47600,45850,45850,138389,-4.907306434023991,47680.0,44685.0,41691.66666666666,96.16191275167785,102.6071388609153,109.9740155906456,2743.034240053387,50171.06848010678,39198.93151989322,46300.0,0.0,6407410700.0,3.631411030076257,78.40830810511035,0.0,-100
75,75,2018-04-20,45500,46400,45250,45700,50073,-0.3282275711159737,47330.0,44967.5,41820.833333333336,96.55609549968308,101.62895424473233,109.27567998405898,2522.648722860035,50012.79744572007,39922.20255427993,45483.333333333336,0.0,2277486950.0,3.4862092095685075,77.7094657585935,0.0,-100
76,76,2018-04-23,45700,45700,44350,44350,64148,-3.0439684329199546,46480.0,45145.0,41920.0,95.41738382099828,98.23900764204232,105.79675572519083,2331.641617311491,49808.28323462298,40481.716765377016,44800.0,0.0,2873830400.0,3.2864800857712813,76.67083527765728,0.0,-100
77,77,2018-04-24,44500,46000,44500,45100,37578,1.662971175166297,45820.0,45235.0,42026.66666666666,98.42863378437364,99.70155852768872,107.31281725888326,2291.063876065118,49817.12775213024,40652.87224786976,44700.0,0.0,1679736600.0,3.301008518401946,76.74963916668658,0.0,-100
78,78,2018-04-25,44500,46200,44100,46050,59482,2.0629750271444083,45410.0,45430.0,42128.333333333336,101.4093811935697,101.36473695795728,109.30885785496696,2177.8429695457835,49785.68593909156,41074.31406090844,44883.333333333336,2669750433.0,0.0,3.37886467462721,77.16303027598966,0.0,-100
79,79,2018-04-26,46900,47300,46400,47000,54742,2.021276595744681,45640.0,45612.5,42236.66666666666,102.97984224364592,103.04192929569744,111.27772077973326,2147.083395041552,49906.6667900831,41318.3332099169,46766.66666666666,2560100866.0,0.0,3.421899024849361,77.3852818804684,0.0,-100
80,80,2018-04-27,47300,47300,46450,47150,18221,0.3181336161187699,45930.0,45820.0,42333.333333333336,102.6562159808404,102.90266259275424,111.3779527559055,2080.827264638551,49981.654529277104,41658.345470722896,46966.66666666666,855779633.0,0.0,3.208915870184148,76.24091260450288,0.0,-100
81,81,2018-04-30,47150,47150,44450,44750,65055,-5.363128491620111,46010.0,45912.5,42410.0,97.26146489893502,97.4680098012524,105.5175666116482,1983.0117312602529,49878.523462520505,41946.476537479495,45450.0,0.0,2956749750.0,2.5769047082182275,72.0428671833941,0.0,-100
82,82,2018-05-02,44000,46450,44000,45100,61480,0.7760532150776054,46010.0,46037.5,42492.5,98.02216909367527,97.9636166168884,106.13637700770724,1836.6069258281689,49710.713851656335,42364.28614834367,44366.66666666666,0.0,2727662666.0,0.799258279321231,44.42154239372186,0.0,-100
83,83,2018-05-03,45150,46200,44900,45150,34084,0.1107419712070874,45830.0,46155.0,42588.333333333336,98.51625572768928,97.8225544361391,106.01494932101905,1687.718796731879,49530.43759346376,42779.56240653624,45066.66666666666,1536052266.0,0.0,0.507508123141909,33.66536573508962,0.0,-100
84,84,2018-05-04,45150,46050,45150,45250,29458,0.2209944751381215,45480.0,46272.5,42686.66666666666,99.4942832014072,97.79026419579664,106.00499765734811,1522.9364813792415,49318.37296275848,43226.62703724152,45183.333333333336,1331010633.0,0.0,0.7102485023823016,41.52896502426147,0.0,-100
85,85,2018-05-08,45250,46300,44500,44600,50547,-1.4573991031390134,44970.0,46327.5,42790.0,99.17722926395376,96.27111326965624,104.22996027109136,1434.8551183050888,49197.210236610175,43457.78976338983,44783.333333333336,0.0,2263663150.0,0.4646531579927388,31.72444994619282,0.0,-100
86,86,2018-05-09,44500,45000,43450,44500,75264,-0.2247191011235955,44920.0,46285.0,42879.16666666666,99.06500445235974,96.14345900399698,103.78000194344574,1477.2930436586032,49239.586087317206,43330.4139126828,44150.0,0.0,3322905600.0,0.3129340483389657,23.83471193658725,0.0,-100
87,87,2018-05-10,45000,45000,43950,44500,30148,0.0,44800.0,46200.0,42970.833333333336,99.33035714285714,96.32034632034632,103.5586153398623,1530.3938261630203,49260.78765232604,43139.21234767396,44483.333333333336,1341083533.0,0.0,0.4199922528350324,29.57708057889137,0.0,-100
88,88,2018-05-11,44500,46700,44500,45050,38382,1.2208657047724751,44780.0,46017.5,43076.66666666666,100.6029477445288,97.89753897973596,104.5809796486884,1430.9800653287998,48879.4601306576,43155.5398693424,44683.333333333336,1715035700.0,0.0,0.6633957445693864,39.88201525314855,0.0,-100
89,89,2018-05-14,45000,45400,44100,44400,34846,-1.463963963963964,44610.0,45852.5,43141.66666666666,99.52925353059852,96.83223379314106,102.91674715085956,1416.9532733817878,48686.40654676357,43018.593453236426,44500.0,0.0,1550647000.0,0.6911469453591518,40.86853287680283,0.0,-100
90,90,2018-05-15,44200,44750,43150,43300,59541,-2.5404157043879905,44350.0,45645.0,43217.5,97.63246899661782,94.86252601599298,100.19089489211544,1473.4402993638628,48591.88059872772,42698.11940127228,43550.0,0.0,2593010550.0,0.7025008426461765,41.26287782356031,0.0,-100
91,91,2018-05-16,43150,44350,43150,43700,59470,0.9153318077803204,44190.0,45400.0,43300.0,98.89115184430868,96.25550660792952,100.92378752886836,1359.179318946778,48118.35863789356,42681.64136210644,43333.333333333336,0.0,2577033333.0,0.6674650933662091,40.02872959809661,0.0,-100
92,92,2018-05-17,44200,44400,43050,44050,33257,0.7945516458569807,44100.0,45182.5,43397.5,99.88662131519274,97.49349858905548,101.50354283080824,1191.5574726073062,47565.61494521461,42799.38505478539,43766.66666666666,1455548033.0,0.0,0.5999781807161152,37.49914767260001,0.0,-100
93,93,2018-05-18,44000,45150,43700,44650,51764,1.3437849944008955,44020.0,45010.0,43504.16666666666,101.4311676510677,99.2001777382804,102.633847332631,977.4564198119392,46964.91283962388,43055.08716037612,44116.66666666666,2283655133.0,0.0,0.5846129755118904,36.893107941580375,0.0,-100
94,94,2018-05-21,44900,45050,44250,44700,18844,0.1118568232662192,44080.0,44952.5,43608.333333333336,101.4065335753176,99.43829597908903,102.50334416204852,959.0942821773356,46870.68856435467,43034.31143564533,44616.66666666666,840756466.0,0.0,0.5837779687955005,36.85983643524711,0.0,-100
95,95,2018-05-23,45000,45200,44000,44650,44817,-0.1119820828667413,44350.0,44900.0,43710.833333333336,100.67643742953776,99.44320712694878,102.14859016643472,944.6525398540074,46789.305079708014,43010.69492029199,44550.0,0.0,1996597350.0,0.6166884682317052,38.1451640405541,0.0,-100
96,96,2018-05-24,44800,45700,44350,44800,30537,0.3348214285714285,44570.0,44922.5,43752.5,100.51604218083914,99.72730814179975,102.3941489057768,936.1841642933722,46794.868328586745,43050.131671413255,44650.0,1363477050.0,0.0,0.8296097219164988,45.34353485220282,0.0,-100
97,97,2018-05-25,45100,45250,44500,45000,33994,0.4444444444444444,44760.0,44917.5,43788.333333333336,100.53619302949062,100.18367006177994,102.76709930346745,935.4530284418604,46788.40605688372,43046.59394311628,44866.66666666666,1525197466.0,0.0,0.8288508496757528,45.32085543349281,0.0,-100
98,98,2018-05-28,44800,45350,44350,45200,29373,0.4424778761061947,44870.0,44875.0,43830.833333333336,100.73545798974816,100.72423398328692,103.12375230526456,899.926897615927,46674.85379523185,43075.14620476815,44783.333333333336,0.0,1315420850.0,0.673830985883584,40.25681156379605,0.0,-100
99,99,2018-05-29,45650,46550,45100,46200,52167,2.1645021645021645,45170.0,44835.0,43909.16666666666,102.28027451848573,103.04449648711945,105.21720977016948,814.1996392971287,46463.399278594254,43206.60072140575,45650.0,2381423550.0,0.0,0.9663484038235935,49.144312469983184,0.0,-100
100,100,2018-05-30,46450,47100,45900,47100,64215,1.910828025477707,45660.0,44832.5,44011.66666666666,103.15374507227332,105.05771482741316,107.01707880486236,806.760089559008,46446.020179118015,43218.97982088199,46483.333333333336,2984927250.0,0.0,1.583929529854185,61.29925416129938,1.0,1
101,101,2018-05-31,47350,47850,46400,47850,38915,1.5673981191222568,46270.0,44987.5,44134.16666666666,103.41473957207694,106.3628785773826,108.4194029568928,1050.9237790980274,47089.34755819605,42885.65244180395,47200.0,1836788000.0,0.0,1.6333383647859134,62.02538901295738,1.0,-100
102,102,2018-06-01,47750,48800,47350,47800,53070,-0.104602510460251,46830.0,45122.5,44255.833333333336,102.0713218022635,105.9338467505125,108.00836047978608,1225.1181468267482,47572.7362936535,42672.2637063465,47633.333333333336,2527901000.0,0.0,1.7143598808365843,63.15890140213121,1.0,-100
103,103,2018-06-04,47750,48200,46800,47350,20661,-0.9503695881731784,47260.0,45232.5,44381.66666666666,100.19043588658484,104.68136848504948,106.6881970783732,1322.6045874473737,47877.70917489475,42587.29082510525,47300.0,0.0,977265300.0,1.8182766333799487,64.51732281508846,0.0,-100
104,104,2018-06-05,47550,48750,47550,47700,50399,0.7337526205450734,47560.0,45355.0,44503.333333333336,100.29436501261564,105.17032300738616,107.18298254812372,1433.150743164017,48221.30148632803,42488.69851367197,47600.0,2398992400.0,0.0,2.854320128923768,74.05508710872888,0.0,-100
105,105,2018-06-07,48350,50000,48100,48800,70069,2.2540983606557377,47900.0,45565.0,44638.333333333336,101.87891440501043,107.09974761329968,109.32307807191128,1613.112388814668,48791.22477762934,42338.77522237066,48416.66666666666,3392507416.0,0.0,5.360143195011474,84.27708356025157,1.0,-100
106,106,2018-06-08,49050,49550,48600,48900,19773,0.2044989775051125,48110.0,45785.0,44762.5,101.6420702556641,106.8035382767282,109.24322814856184,1754.1004592247923,49293.200918449584,42276.799081550416,48850.0,965911050.0,0.0,5.245989634632451,83.98972687282011,0.0,-100
107,107,2018-06-11,48900,49500,48150,48600,27078,-0.6172839506172839,48270.0,45990.0,44874.16666666666,100.6836544437539,105.67514677103718,108.30284684952368,1833.7910114525607,49657.58202290512,42322.41797709488,48550.0,0.0,1314636900.0,3.607810283672124,78.2977176047477,0.0,-100
108,108,2018-06-12,48600,49500,48300,48900,32104,0.6134969325153374,48580.0,46182.5,44991.66666666666,100.65870728694937,105.8842635197315,108.68679385071307,1929.499185090047,50041.498370180096,42323.501629819904,48600.0,1560254400.0,0.0,3.7362021741065417,78.88603646467763,0.0,-100
109,109,2018-06-14,49300,51800,48200,49900,138336,2.004008016032064,49020.0,46457.5,45120.833333333336,101.79518563851488,107.40999838562126,110.59192907932402,2050.242283500325,50557.98456700065,42357.01543299935,49133.333333333336,6796908800.0,0.0,7.688329544535802,88.49030766070662,0.0,-100
110,110,2018-06-15,49900,50900,48300,49900,51823,0.0,49240.0,46787.5,45262.5,101.340373679935,106.65241784664708,110.24578845622756,2046.42660315616,50880.35320631232,42694.64679368768,49366.66666666666,2558328766.0,0.0,8.019559018425033,88.91298346230438,0.0,-100
111,111,2018-06-18,49900,49900,47050,47600,36958,-4.831932773109244,48980.0,46982.5,45378.333333333336,97.182523478971,101.31431916138988,104.8958754177838,1918.557229301556,50819.61445860311,43145.38554139689,48183.333333333336,0.0,1780759633.0,5.086028601317215,83.56892375130201,0.0,-100
112,112,2018-06-19,47500,48350,45550,45900,39167,-3.7037037037037033,48440.0,47075.0,45463.333333333336,94.75639966969447,97.50398300584176,100.96048097367844,1811.3312928980097,50697.66258579602,43452.33741420398,46316.66666666666,0.0,1814084883.0,4.655193089506792,82.31713782053703,0.0,-100
113,113,2018-06-20,45850,47300,45500,46500,19114,1.2903225806451613,47960.0,47167.5,45556.66666666666,96.95579649708093,98.58483065670218,102.0706812028975,1726.2123885913668,50619.924777182736,43715.075222817264,45950.0,0.0,878288300.0,3.6988011182232143,78.71797561038004,0.0,-100
114,114,2018-06-21,46550,47550,45950,46100,20627,-0.8676789587852495,47200.0,47237.5,45625.0,97.66949152542372,97.59195554379464,101.04109589041094,1647.4761399118786,50532.45227982376,43942.54772017624,46200.0,952967400.0,0.0,3.3984390587225306,77.26466169817897,0.0,-100
115,115,2018-06-22,46100,46850,45650,45950,21080,-0.3264417845484222,46410.0,47302.5,45723.333333333336,99.00883430295195,97.14074308968873,100.49573521907122,1563.521245206001,50429.542490412,44175.457509588,45900.0,0.0,967572000.0,2.7356583863927737,73.23095699428715,0.0,-100
116,116,2018-06-25,46150,46500,45350,46350,18456,0.8629989212513484,46160.0,47380.0,45815.833333333336,100.41161178509532,97.82608695652172,101.1658997071609,1468.4757582716768,50316.95151654336,44443.048483456645,45950.0,848053200.0,0.0,2.518416284663806,71.5781215440926,0.0,-100
117,117,2018-06-26,46000,46450,45350,45950,30027,-0.8705114254624592,46170.0,47427.5,45860.0,99.52350010829542,96.88471878129778,100.19624945486262,1401.265875068531,50230.03175013706,44624.96824986294,45766.66666666666,0.0,1374235700.0,2.3954410463787386,70.54874502779228,0.0,-100
118,118,2018-06-27,45950,46550,45700,45900,21701,-0.1089324618736383,46050.0,47462.5,45922.5,99.6742671009772,96.70792731103502,99.95100440960314,1350.5237775338155,50163.54755506764,44761.452444932365,45850.0,994990850.0,0.0,2.222738151977764,68.97048556717803,0.0,-100
119,119,2018-06-28,45800,46150,43750,43750,49539,-4.914285714285714,45580.0,47340.0,45929.16666666666,95.98508117595436,92.41656104773976,95.2553751247392,1565.1298920368768,50470.25978407375,44209.74021592625,44433.333333333336,0.0,2201182900.0,1.420748717136339,58.690466593204896,1.0,-100
120,120,2018-06-29,43750,45150,43750,45150,30210,3.10077519379845,45420.0,47242.5,45965.0,99.40554821664465,95.57072551198604,98.22691178070272,1639.823080957852,50522.146161915705,43962.853838084295,44216.66666666666,0.0,1335785500.0,1.17528389570077,54.0289889528259,0.0,-100
121,121,2018-07-02,44650,45150,43350,43650,29107,-3.436426116838488,44880.0,47032.5,45977.5,97.25935828877006,92.80816456705467,94.93774128649883,1817.261893474268,50667.023786948535,43397.976213051465,43883.333333333336,0.0,1277312183.0,1.1790560433302844,54.108569026444826,0.0,-100
122,122,2018-07-03,43650,44150,42850,43550,18991,-0.2296211251435132,44400.0,46820.0,45993.333333333336,98.0855855855856,93.0158052114481,94.6876358892593,1965.250754055519,50750.50150811104,42889.49849188896,43350.0,0.0,823259850.0,0.9758094845329444,49.38783279318112,0.0,-100
123,123,2018-07-04,43500,44350,43500,44150,6300,1.359003397508494,44050.0,46660.0,46015.833333333336,100.22701475595916,94.62066009429918,95.94523624114888,2048.336937743962,50756.673875487926,42563.32612451208,43716.66666666666,275415000.0,0.0,0.4520990828299239,31.134175909597744,0.0,-100
124,124,2018-07-05,43900,44600,43250,43600,13320,-1.261467889908257,44020.0,46455.0,46027.5,99.04588823262154,93.85426757076742,94.725979034273,2141.808139227964,50738.61627845593,42171.38372154407,43583.333333333336,0.0,580530000.0,0.2356651476791451,19.071926413217767,0.0,-100
125,125,2018-07-06,43650,44400,42750,43650,36062,0.1145475372279496,43720.0,46197.5,46030.0,99.83989021043,94.4856323394123,94.82945904844668,2154.583547500048,50506.6670950001,41888.3329049999,43350.0,0.0,1563287700.0,0.2396642424610757,19.33299632691478,0.0,-100
126,126,2018-07-09,43700,47800,43650,46800,99855,6.730769230769231,44350.0,46092.5,46054.16666666666,105.52423900789177,101.53495688018658,101.61946982719626,2065.2688750658563,50223.03775013171,41961.96224986829,44716.66666666666,4465182750.0,0.0,0.6850557307141026,40.65478181091292,0.0,-100
127,127,2018-07-10,46600,46650,45100,45750,33423,-2.295081967213114,44790.0,45950.0,46046.66666666666,102.14333556597455,99.56474428726877,99.35572607499638,1979.699605070372,49909.39921014074,41990.60078985926,45816.66666666666,1531330450.0,0.0,0.8957612469846022,47.25074153770155,0.0,-100
128,128,2018-07-11,46100,46300,45250,46000,26327,0.5434782608695652,45160.0,45805.0,46001.66666666666,101.86005314437556,100.42571771640652,99.9963769428644,1854.5037639558225,49514.00752791164,42095.99247208836,45783.333333333336,0.0,1205337816.0,0.7163322272237015,41.73622191913413,0.0,-100
129,129,2018-07-12,45800,46350,45500,46050,26651,0.1085776330076004,45650.0,45612.5,45974.16666666666,100.8762322015334,100.95916689503974,100.16494770613932,1587.6890687245302,48787.87813744906,42437.12186255094,45783.333333333336,0.0,1220171616.0,0.7007080469202603,41.20096028175692,0.0,-100
130,130,2018-07-13,45950,47500,45950,46900,33421,1.812366737739872,46300.0,45462.5,45965.0,101.29589632829376,103.16194665933465,102.0341564233656,1271.5381278303507,48005.5762556607,42919.4237443393,46266.66666666666,1546278266.0,0.0,0.7609980771551301,43.21402090253913,0.0,-100
131,131,2018-07-16,46900,47800,46700,47400,29726,1.0548523206751057,46420.0,45452.5,45945.0,102.11115898319687,104.2846928111765,103.16682990532158,1254.5155282125102,47961.53105642502,42943.46894357498,47000.0,1397122000.0,0.0,1.000338179267833,50.00845305237229,0.0,-100
132,132,2018-07-17,47750,47800,46400,46650,42279,-1.607717041800643,46600.0,45490.0,45915.833333333336,100.10729613733906,102.55001099142667,101.5989400896568,1279.555843992256,48049.111687984514,42930.888312015486,46933.333333333336,0.0,1984294400.0,0.7559023899819052,43.04922610132645,0.0,-100
133,133,2018-07-18,47100,47450,46150,46600,24090,-0.1072961373390558,46720.0,45495.0,45890.833333333336,99.7431506849315,102.42883833388284,101.54533403548275,1283.8982579792305,48062.796515958464,42927.203484041536,46616.66666666666,0.0,1122995500.0,0.8292404893126829,45.3325024324309,0.0,-100
134,134,2018-07-19,46800,47250,46050,46450,16365,-0.3229278794402583,46800.0,45512.5,45900.833333333336,99.25213675213676,102.05987366108212,101.1964198180861,1294.9166809205578,48102.33336184111,42922.66663815889,46433.333333333336,0.0,759881500.0,0.8745626603858659,46.65422388205702,0.0,-100
135,135,2018-07-20,46350,46800,46050,46700,17963,0.5353319057815845,46760.0,45550.0,45917.5,99.87168520102652,102.52469813391878,101.70414330048456,1318.8910812536888,48187.78216250738,42912.21783749262,46366.66666666666,0.0,832884433.0,0.913073873208303,47.72810323717614,0.0,-100
136,136,2018-07-23,47000,47000,45600,45600,19942,-2.4122807017543857,46400.0,45512.5,45938.333333333336,98.27586206896552,100.19225487503434,99.26350542393789,1305.5423353816154,48123.58467076323,42901.41532923677,46066.66666666666,0.0,918661466.0,0.9045237806344624,47.493435883123205,0.0,-100
137,137,2018-07-24,44800,46450,44800,46000,34433,0.8695652173913043,46270.0,45515.0,45953.333333333336,99.41646855413876,101.06558277490936,100.1015522994342,1306.4717452178709,48127.94349043574,42902.05650956426,45200.0,0.0,1556371600.0,0.7612054479680072,43.22070709276131,0.0,-100
138,138,2018-07-25,45900,46000,43800,44000,35957,-4.545454545454546,45750.0,45420.0,45919.16666666666,96.17486338797814,96.8736239542052,95.82055423479666,1345.499320346402,48110.99864069281,42729.00135930719,44566.66666666666,0.0,1602483633.0,0.7002706095225913,41.18583274924784,0.0,-100
139,139,2018-07-26,44100,44950,43850,44400,17871,0.9009009009009008,45340.0,45452.5,45875.833333333336,97.92677547419495,97.6843957978109,96.78298305207898,1310.4313271430487,48073.362654286095,42831.63734571391,44116.66666666666,0.0,788408950.0,0.7455214309976002,42.71052865684496,0.0,-100
140,140,2018-07-27,44500,45200,43850,43850,18569,-1.2542759407069557,44770.0,45387.5,45820.833333333336,97.94505249050704,96.6125034425778,95.6988269528053,1357.6173982385455,48102.73479647709,42672.26520352291,44066.66666666666,0.0,818273933.0,0.3493218470008031,25.88869718349673,0.0,-100
141,141,2018-07-30,43900,44800,43000,44750,35195,2.011173184357542,44600.0,45442.5,45820.833333333336,100.33632286995515,98.47609616548384,97.6629989997272,1304.7761453497233,48052.052290699445,42832.94770930056,43883.333333333336,0.0,1544473916.0,0.2050544312797007,17.01619660963732,0.0,-100
142,142,2018-07-31,44750,45950,44350,45950,45147,2.6115342763873777,44590.0,45562.5,45835.0,103.05001121327652,100.85048010973937,100.25089996727392,1229.7705177453993,48022.0410354908,43102.9589645092,45016.66666666666,2032367450.0,0.0,0.3784170050452202,27.45301339581239,0.0,-100
143,143,2018-08-01,46000,47250,46000,46750,32133,1.711229946524064,45140.0,45692.5,45861.66666666666,103.5666814355339,102.3143841987197,101.93698440963767,1209.858082151525,48112.21616430305,43272.78383569695,46250.0,1486151250.0,0.0,0.541710586827297,35.13698300159494,0.0,-100
144,144,2018-08-02,46750,46750,44400,44850,42555,-4.23634336677815,45230.0,45755.0,45855.0,99.15984965730708,98.02207409026336,97.8083087994766,1125.4122051848135,48005.82441036963,43504.17558963037,45333.333333333336,0.0,1929160000.0,0.354717849348367,26.183891318697093,0.0,-100
145,145,2018-08-03,45150,47350,45100,47200,96254,4.978813559322034,45900.0,45932.5,45898.333333333336,102.8322440087146,102.75948402547218,102.83597806746796,1053.5997192582436,48039.69943851649,43825.30056148351,45816.66666666666,4410037433.0,0.0,0.5721330242740412,36.39215101013689,0.0,-100
146,146,2018-08-06,47250,48800,47250,48150,66116,1.9730010384215992,46580.0,46000.0,45959.16666666666,103.37054529841134,104.67391304347828,104.76691265797538,1150.8578036449694,48301.71560728994,43698.28439271006,47550.0,3143815800.0,0.0,0.932520605372166,48.25410931091111,0.0,-100
147,147,2018-08-07,48050,48600,47750,48100,49028,-0.1039501039501039,47010.0,46117.5,46019.16666666666,102.31865560519036,104.29880197322056,104.52166669684732,1240.4662748125663,48598.43254962513,43636.56745037487,47966.66666666666,2351709733.0,0.0,1.248682155089032,55.52950879532341,0.0,-100
148,148,2018-08-08,48250,50400,48250,50000,79404,3.8,47660.0,46317.5,46101.66666666666,104.9097775912715,107.95055864414098,108.45594880879216,1513.0376382419704,49343.57527648394,43291.42472351606,48833.333333333336,3877562000.0,0.0,1.7317718091424714,63.393721369651686,1.0,1
149,149,2018-08-09,50200,50900,49700,50100,51974,0.1996007984031935,48710.0,46520.0,46196.66666666666,102.8536234859372,107.69561478933792,108.44938307237176,1730.7132694506704,49981.42653890134,43058.57346109866,50000.0,2598700000.0,0.0,2.1730405636165018,68.48448735681333,1.0,-100
150,150,2018-08-10,50100,50700,49600,50100,20308,0.0,49290.0,46680.0,46310.0,101.64333536214242,107.32647814910024,108.18397754264736,1906.664212978423,50493.328425956846,42866.671574043154,49933.333333333336,0.0,1014046133.0,2.1506402757553484,68.26041970912546,0.0,-100
151,151,2018-08-13,50000,50900,49100,50700,52684,1.183431952662722,49800.0,46845.0,46426.66666666666,101.80722891566263,108.22926673070764,109.20448018380242,2104.750266471185,51054.50053294237,42635.49946705763,49933.333333333336,0.0,2630687733.0,1.926921091886748,65.83440521263313,0.0,-100
152,152,2018-08-14,50900,52400,50800,52200,79578,2.8735632183908044,50620.0,47122.5,46562.5,103.12129593046228,110.77510743275504,112.10738255033556,2419.95405567522,51962.40811135044,42282.59188864957,51300.0,4082351400.0,0.0,2.748716997392932,73.32420663668513,1.0,-100
153,153,2018-08-16,51500,52800,50500,52200,76580,0.0,51060.0,47402.5,46688.333333333336,102.23266745005874,110.12077422076896,111.80523328454646,2667.616470105653,52737.73294021131,42067.26705978869,51400.0,3936212000.0,0.0,3.5177229952605966,77.86495539790579,0.0,-100
154,154,2018-08-17,52100,54700,51800,53300,92936,2.063789868667917,51700.0,47745.0,46831.66666666666,103.09477756286267,111.634726149335,113.8118794263141,2962.347042464808,53669.694084929615,41820.30591507039,52400.0,4869846400.0,0.0,4.606217951945658,82.1626628045571,0.0,-100
155,155,2018-08-20,54200,55000,51600,52200,66570,-2.10727969348659,52120.0,48020.0,46957.5,100.15349194167308,108.70470637234486,111.16435074269286,3111.751918132292,54243.50383626459,41796.49616373541,52666.66666666666,3506020000.0,0.0,6.511565225056261,86.68719541082717,0.0,-100
156,156,2018-08-21,52300,54700,52000,54100,48518,3.512014787430684,52800.0,48445.0,47112.5,102.46212121212122,111.67303127257716,114.83152029716103,3336.200959490489,55117.40191898098,41772.59808101902,52800.0,2561750400.0,0.0,6.606540652060561,86.85341936969591,0.0,-100
157,157,2018-08-22,54500,54500,52600,53100,36215,-1.8832391713747645,52980.0,48800.0,47247.5,100.22650056625142,108.81147540983606,112.3868987777131,3438.5201835428534,55677.040367085705,41922.959632914295,53400.0,1933881000.0,0.0,6.686866858616285,86.99079848275126,0.0,-100
158,158,2018-08-23,53100,54600,52900,54300,46910,2.209944751381215,53400.0,49315.0,47399.16666666666,101.68539325842696,110.10848626178648,114.55897607201253,3453.072621060233,56221.14524212047,42408.85475787953,53433.333333333336,2506557666.0,0.0,10.913950179757787,91.60647824682836,0.0,-100
159,159,2018-08-24,54500,55700,54100,55400,60277,1.985559566787004,53820.0,49865.0,47552.5,102.93571163136382,111.0999699187807,116.50281268072132,3504.6623082312567,56874.32461646252,42855.67538353749,54666.66666666666,3295142666.0,0.0,10.608058224956828,91.38529476144387,0.0,-100
160,160,2018-08-27,55600,56500,55000,55300,42017,-0.1808318264014466,54440.0,50437.5,47689.16666666666,101.57972079353416,109.64064436183396,115.95925000436856,3404.133516770457,57245.76703354091,43629.23296645909,55300.0,2323540100.0,0.0,10.383000448406404,91.21497003771094,0.0,-100
161,161,2018-08-28,55300,56500,54500,55100,44184,-0.3629764065335753,54640.0,50955.0,47810.0,100.84187408491948,108.13462859385731,115.2478560970508,3278.394183293496,57511.78836658699,44398.21163341301,54966.66666666666,0.0,2428647200.0,5.843790015200736,85.3882132885594,0.0,-100
162,162,2018-08-29,55100,55200,53600,53900,59915,-2.2263450834879404,54800.0,51352.5,47911.66666666666,98.35766423357664,104.9608100871428,112.49869551605384,3117.627091909891,57587.75418381978,45117.24581618022,54200.0,0.0,3247393000.0,3.391778559177877,77.23018165589852,0.0,-100
163,163,2018-08-30,53900,54600,53000,53500,58066,-0.7476635514018692,54640.0,51690.0,48014.16666666666,97.91361639824304,103.50164441864963,111.42544735060834,2954.2387032515626,57598.47740650312,45781.52259349688,53466.66666666666,0.0,3104595466.0,2.335166093634052,70.01648577836244,0.0,-100
164,164,2018-08-31,53800,55100,53300,55100,47652,2.9038112522686026,54580.0,52202.5,48137.5,100.95272993770612,105.55050045495906,114.4637756426902,2569.173274769429,57340.84654953886,47064.15345046114,54066.66666666666,2576384800.0,0.0,2.7684507157836267,73.46389602996159,0.0,-100
165,165,2018-09-03,54800,55100,54100,54800,17016,-0.5474452554744526,54480.0,52582.5,48237.5,100.58737151248164,104.21718252270242,113.6045607670381,2342.360201973529,57267.22040394706,47897.77959605294,54566.66666666666,928506400.0,0.0,3.7036262599897287,78.73980744375334,0.0,-100
166,166,2018-09-04,55000,55300,53500,54300,26172,-0.9208103130755064,54320.0,52890.0,48327.5,99.96318114874816,102.66591038003403,112.35838808132014,2123.279489250928,57136.55897850185,48643.44102149815,54266.66666666666,0.0,1420267200.0,2.7877769061780224,73.59928990619912,0.0,-100
167,167,2018-09-05,54100,55700,53900,54100,29922,-0.3696857670979667,54360.0,53190.0,48419.16666666666,99.52170713760118,101.7108479037413,111.7326127738671,1811.9195985415429,56813.839197083085,49566.16080291692,54033.333333333336,0.0,1616785400.0,2.073301383527965,67.46170078340771,0.0,-100
168,168,2018-09-06,54300,56300,53800,55500,48555,2.5225225225225225,54760.0,53465.0,48529.16666666666,101.35135135135135,103.8062283737024,114.36421396067658,1717.1809823998713,56899.36196479974,50030.63803520026,54533.333333333336,2647866000.0,0.0,1.8852798051967163,65.34131635348203,0.0,-100
169,169,2018-09-07,55500,56000,54500,54700,24227,-1.4625228519195612,54680.0,53695.0,48609.16666666666,100.03657644476958,101.87168265201603,112.53021549433406,1541.863192784352,56778.72638556871,50611.273614431295,54900.0,1330062300.0,0.0,1.7011526179649863,62.9787671622425,0.0,-100
170,170,2018-09-10,54800,55900,54400,55700,25860,1.7953321364452424,54860.0,53975.0,48705.833333333336,101.5311702515494,103.1959240389069,114.36001847827946,1351.3638335127644,56677.72766702553,51272.27233297447,54966.66666666666,1421438000.0,0.0,1.6046606159479144,61.60728219725971,0.0,-100
171,171,2018-09-11,56300,56300,55100,56300,40761,1.0657193605683837,55260.0,54255.0,48850.833333333336,101.88201230546508,103.7692378582619,115.2488016239914,1209.8172980813426,56674.63459616269,51835.36540383731,55900.0,2278539900.0,0.0,1.6338252793103418,62.03240936840554,0.0,-100
172,172,2018-09-12,56300,56900,55700,56500,34887,0.3539823008849557,55740.0,54470.0,49027.5,101.36347326874775,103.7268221039104,115.24144612717352,1207.4767078498858,56884.95341569977,52055.04658430023,56166.66666666666,1959486500.0,0.0,1.5875327089119546,61.353145544564136,0.0,-100
173,173,2018-09-13,56500,56700,55500,55500,23701,-1.8018018018018016,55740.0,54635.0,49177.5,99.56942949407966,101.5832341905372,112.85648924813177,1101.8047396024965,56838.60947920499,52431.39052079501,55833.333333333336,0.0,1323305833.0,1.1769143097915944,54.06341923969738,0.0,-100
174,174,2018-09-14,55700,56500,55500,56300,32772,1.4209591474245116,56060.0,54785.0,49347.5,100.42811273635392,102.76535548051471,114.08885961801508,1114.6276225009422,57014.255245001885,52555.74475499812,55833.333333333336,0.0,1829770000.0,0.8778632682401203,46.74798655936375,0.0,-100
175,175,2018-09-17,55900,56500,55200,55700,14815,-1.0771992818671454,56060.0,54960.0,49510.0,99.35783089546914,101.34643377001456,112.50252474247628,950.0138503145477,56860.02770062909,53059.97229937091,55600.0,0.0,823714000.0,0.9832747398430184,49.57834232895273,0.0,-100
176,176,2018-09-18,55600,57000,55600,56100,32440,0.7130124777183601,56020.0,55060.0,49672.5,100.14280614066404,101.8888485288776,112.93975539785596,959.9342082718604,56979.86841654372,53140.13158345628,55766.66666666666,1809070666.0,0.0,1.4776346621129763,59.638924362352114,0.0,-100
177,177,2018-09-19,56200,57400,54600,55200,69020,-1.6304347826086956,55760.0,55165.0,49826.66666666666,98.99569583931134,100.06344602555968,110.78405137811076,841.8494677291108,56848.69893545822,53481.30106454178,55333.333333333336,0.0,3819106666.0,1.380173988575297,57.98626466804762,0.0,-100
178,178,2018-09-20,55200,56900,55100,56400,73132,2.127659574468085,55940.0,55270.0,50001.66666666666,100.82230961744727,102.04450877510402,112.79624012532916,859.0692637965799,56988.13852759316,53551.86147240684,55566.66666666666,4063701466.0,0.0,1.5174696273166712,60.277574388618014,0.0,-100
179,179,2018-09-21,56300,56800,56100,56600,10088,0.3533568904593639,56000.0,55330.0,50215.833333333336,101.07142857142856,102.29531899512018,112.71345359199456,909.0770333869274,57148.15406677385,53511.84593322615,56333.333333333336,568290666.0,0.0,1.484217764808312,59.745880004317485,0.0,-100
180,180,2018-09-27,56600,56700,55100,55500,48564,-1.981981981981982,55960.0,55340.0,50388.333333333336,99.17798427448176,100.28912179255512,110.14454404127936,909.8293651472284,57159.65873029445,53520.34126970555,55733.333333333336,0.0,2706633600.0,1.3266801659983751,57.02030667498722,0.0,-100
181,181,2018-09-28,55900,64900,55500,58200,192620,4.639175257731959,56380.0,55495.0,50630.833333333336,103.22809506917348,104.87431300117127,114.94971772799842,1109.041786503342,57713.08357300668,53276.91642699332,56533.333333333336,10889450666.0,0.0,2.567753285141049,71.97115607279258,1.0,0
182,182,2018-10-01,57700,57700,55200,55900,56979,-4.114490161001789,56520.0,55595.0,50836.66666666666,98.90304317055907,100.54861048655457,109.96000262277884,1046.0326049059438,57687.06520981189,53502.93479018811,56266.66666666666,0.0,3206018400.0,1.7740784274698431,63.95199248522793,0.0,-100
183,183,2018-10-02,55600,55600,51100,51700,103756,-8.123791102514506,55580.0,55505.0,50962.5,93.01907160849228,93.1447617331772,101.44714250674517,1285.7416454900133,58076.48329098002,52933.516709019976,52800.0,0.0,5478316800.0,1.1982143776867091,54.50853155403569,1.0,-100
184,184,2018-10-04,51500,52700,51200,52100,41269,0.7677543186180422,54680.0,55355.0,51104.16666666666,95.28163862472567,94.11977237828562,101.94863432531594,1493.6620487210191,58342.32409744204,52367.67590255796,51600.0,0.0,2129480400.0,1.0118310224726663,50.29403618744593,1.0,-100
185,185,2018-10-05,52000,52700,49700,50100,68313,-3.992015968063872,53600.0,55120.0,51211.66666666666,93.47014925373134,90.89259796806968,97.82927067400009,1900.027700629097,58920.05540125819,51319.94459874181,50600.0,0.0,3456637800.0,0.7786708437753842,43.7782429784809,1.0,-100
186,186,2018-10-08,50000,50900,49650,50100,25753,0.0,51980.0,54910.0,51266.66666666666,96.38322431704502,91.24021125478056,97.72431729518856,2203.3228494588275,59316.64569891765,50503.35430108235,49916.66666666666,0.0,1285503916.0,0.665062142249441,39.94218145822264,1.0,-100
187,187,2018-10-10,49850,50000,46950,47400,92978,-5.69620253164557,50280.0,54575.0,51294.16666666666,94.27207637231504,86.85295464956482,92.40816857017528,2769.5477495147297,60114.095499029456,49035.904500970544,48066.66666666666,0.0,4469142533.0,0.5934228573740098,37.24201988365986,1.0,-100
188,188,2018-10-11,45850,46950,45700,46300,42030,-2.375809935205184,49200.0,54115.0,51299.16666666666,94.10569105691056,85.5585327543195,90.2548774346562,3317.6204218020325,60750.240843604064,47479.759156395936,45950.0,0.0,1931278500.0,0.5913673804009066,37.16095903963584,1.0,-100
189,189,2018-10-12,46000,46400,44800,46300,81489,0.0,48040.0,53695.0,51303.333333333336,96.37801831806829,86.22776794859857,90.24754726788382,3743.974105848377,61182.94821169676,46207.051788303244,45700.0,0.0,3724047300.0,0.5381116619016213,34.9852143527951,0.0,-100
190,190,2018-10-15,45650,45950,44450,45100,54903,-2.660753880266076,47040.0,53165.0,51273.333333333336,95.87585034013604,84.8302454622402,87.95995319204263,4171.113066140298,61507.22613228059,44822.77386771941,45066.66666666666,0.0,2474295200.0,0.4475558368884161,30.91803614639535,0.0,-100
191,191,2018-10-16,44900,46750,44900,45850,56529,1.6357688113413305,46190.0,52642.5,51247.5,99.26390993721584,87.09692738756708,89.46777891604468,4405.656501649478,61453.81300329896,43831.18699670104,45216.66666666666,2556052950.0,0.0,0.5857648204609427,36.93894661445922,0.0,-100
192,192,2018-10-17,46400,47000,45200,45550,36765,-0.6586169045005488,45820.0,52095.0,51229.16666666666,99.41073766914012,87.43641424320951,88.91419276128508,4578.062679205784,61251.12535841157,42938.87464158843,45716.66666666666,1680773250.0,0.0,0.5085508336303286,33.71121624098677,0.0,-100
193,193,2018-10-18,45900,46100,45300,45950,29805,0.8705114254624592,45750.0,51617.5,51218.333333333336,100.43715846994536,89.02019663873686,89.71396960723699,4700.623558859533,61018.74711771907,42216.25288228093,45716.66666666666,0.0,1362585250.0,0.4694111585142214,31.94552836993978,0.0,-100
194,194,2018-10-19,45550,47500,45050,47500,40429,3.263157894736842,45990.0,51177.5,51235.833333333336,103.28332246140464,92.81422500122125,92.70855358391748,4650.848111677561,60479.19622335512,41875.80377664488,46033.333333333336,1861081633.0,0.0,0.5755050424325648,36.52828946481761,0.0,-100
195,195,2018-10-22,47000,47000,45450,45800,54065,-3.711790393013101,46130.0,50682.5,51220.833333333336,99.2846303923694,90.36649731169535,89.4167412348491,4670.970681267777,60024.44136253555,41340.55863746445,46083.333333333336,2491495416.0,0.0,0.2909955000700757,22.5403961558565,0.0,-100
196,196,2018-10-23,45400,45450,43600,43900,58492,-4.328018223234624,45740.0,50072.5,51192.5,95.9772627896808,87.67287433221829,85.75474923084437,4722.579441253198,59517.6588825064,40627.341117493605,44300.0,0.0,2591195600.0,0.2971856487258029,22.910032115890417,0.0,-100
197,197,2018-10-24,44000,44300,42000,42500,41428,-3.294117647058824,45130.0,49437.5,51134.16666666666,94.17239087081764,85.96713021491782,83.11468196411403,4848.97913835588,59135.45827671176,39739.54172328824,42833.333333333336,0.0,1774499333.0,0.3408673818790931,25.42140904355516,0.0,-100
198,198,2018-10-25,40950,41750,40100,41100,56228,-3.40632603406326,44160.0,48672.5,51085.833333333336,93.07065217391305,84.44193332990908,80.45283265093062,4899.36824606258,58471.23649212516,38873.76350787484,40716.66666666666,0.0,2289416733.0,0.3387175362865668,25.301643334420376,0.0,-100
199,199,2018-10-26,41450,41700,39650,40050,76450,-2.621722846441948,42670.0,47845.0,51013.333333333336,93.85985469885163,83.70780645835511,78.50888656560376,4887.5755479421605,57620.15109588432,38069.84890411568,40383.333333333336,0.0,3087305833.0,0.3437236534297607,25.57993621325562,0.0,-100
200,200,2018-10-29,39450,40950,38250,38400,34849,-4.296875,41190.0,46990.0,50922.5,93.22651128914784,81.71951479038093,75.40870931317197,4972.916120028781,56935.83224005756,37044.16775994244,38700.0,0.0,1348656300.0,0.3428571915903825,25.53191759611664,0.0,-100
201,201,2018-10-30,38250,39050,37900,38600,63948,0.5181347150259068,40130.0,46010.0,50820.0,96.18739097931724,83.89480547707021,75.95434868162141,4561.786353704227,55133.57270740846,36886.42729259154,38250.0,0.0,2446011000.0,0.3729773196545266,27.16558491646289,0.0,-100
202,202,2018-10-31,39050,39550,37000,37000,72510,-4.324324324324325,39030.0,45065.0,50670.833333333336,94.79887266205483,82.10362809275492,73.0203108297015,4358.26800460917,53781.53600921834,36348.46399078166,37683.333333333336,0.0,2732418500.0,0.3604384340064397,26.49428485675476,0.0,-100
203,203,2018-11-01,37350,39250,37350,37900,99016,2.3746701846965697,38390.0,44375.0,50523.333333333336,98.72362594425633,85.40845070422536,75.01484462624529,4344.915358632917,53064.83071726583,35685.16928273417,37533.333333333336,0.0,3716400533.0,0.3605541294973642,26.50053545687045,0.0,-100
204,204,2018-11-02,38200,39500,38200,39250,97271,3.4394904458598727,38230.0,43732.5,50430.0,102.66806173162438,89.75018578860116,77.83065635534405,4084.768723724245,51902.037447448485,35562.962552551515,38550.0,3749797050.0,0.0,0.5779893954839085,36.6282179803028,0.0,-100
205,205,2018-11-05,39300,40800,38750,40050,55575,1.9975031210986267,38560.0,43230.0,50310.833333333336,103.86410788381744,92.6439972241499,79.6051214947079,3872.8950140009847,50975.79002800197,35484.20997199803,39366.66666666666,2187802500.0,0.0,0.5607399101181975,35.9278254168391,0.0,-100
206,206,2018-11-06,40100,40250,39300,39950,34878,-0.2503128911138924,38830.0,42722.5,50174.16666666666,102.884367756889,93.51044531570015,79.62264777691044,3579.160258761088,49880.820517522174,35564.179482477826,39783.333333333336,1387563100.0,0.0,0.5470054416565759,35.35898626644955,0.0,-100
207,207,2018-11-07,39950,40700,38350,39150,32203,-2.0434227330779056,39260.0,42310.0,50025.0,99.71981660723382,92.5313164736469,78.26086956521739,3485.896396081004,49281.79279216201,35338.20720783799,39150.0,0.0,1260747450.0,0.5496273056871457,35.4683544662648,0.0,-100
208,208,2018-11-08,39500,40050,39450,39700,24725,1.385390428211587,39620.0,41980.0,49853.333333333336,100.20191822311963,94.56884230585992,79.63359186948382,3399.628462672139,48779.25692534428,35180.74307465572,39550.0,977873750.0,0.0,0.5080580310152237,33.689554418088235,0.0,-100
209,209,2018-11-09,39700,39750,38650,39050,21712,-1.6645326504481437,39580.0,41617.5,49669.16666666666,98.66093986862052,93.83072024989488,78.62020368102277,3299.811597492708,48217.12319498541,35017.87680501459,39133.333333333336,0.0,849662933.0,0.3757656738228095,27.313203183698988,0.0,-100
210,210,2018-11-12,38550,39000,37750,37750,23312,-3.443708609271523,39120.0,41250.0,49463.333333333336,96.49795501022494,91.51515151515152,76.31915897297661,3300.8372143729653,47851.67442874593,34648.32557125407,38016.66666666666,0.0,886244533.0,0.4071839797926588,28.936086939580942,0.0,-100
211,211,2018-11-13,37350,38600,37250,38600,40096,2.2020725388601035,38850.0,40887.5,49261.66666666666,99.35649935649936,94.40538061754816,78.35707277463884,3164.352224389694,47216.20444877939,34558.79555122061,37733.333333333336,0.0,1512955733.0,0.4124744576175274,29.20225958020248,0.0,-100
212,212,2018-11-14,38600,39750,38300,39200,34008,1.530612244897959,38860.0,40570.0,49045.0,100.8749356664951,96.62312053241313,79.92659802222448,2985.420714422888,46540.84142884577,34599.15857115423,38700.0,1316109600.0,0.0,0.5391776239442495,35.03024053601881,0.0,-100
213,213,2018-11-15,39200,39950,38450,39750,37209,1.3836477987421385,38870.0,40260.0,48837.5,102.26395677900696,98.73323397913562,81.39237266444843,2706.211179373928,45672.422358747855,34847.577641252145,39133.333333333336,1456112200.0,0.0,0.7507073405341761,42.88023035906848,0.0,-100
214,214,2018-11-16,40000,41600,39900,41200,63367,3.519417475728156,39300.0,39945.0,48635.833333333336,104.83460559796438,103.14182000250344,84.71120401624317,2122.9262326971443,44190.85246539429,35699.14753460571,40366.66666666666,2557914566.0,0.0,1.0170639036291271,50.4229886717626,0.0,-100
215,215,2018-11-19,41300,41300,40150,40850,55265,-0.8567931456548347,39920.0,39697.5,48446.66666666666,102.32965931863728,102.90320549152968,84.31952662721893,1637.4301913605211,42972.36038272104,36422.63961727896,40766.66666666666,2252969833.0,0.0,1.4496732707145183,59.17822952330614,0.0,-100
216,216,2018-11-20,40150,40450,39800,40300,43633,-1.3647642679900744,40260.0,39517.5,48216.66666666666,100.09935419771485,101.98013538305814,83.58105772554443,1317.820669055346,42153.14133811069,36881.85866188931,40083.333333333336,0.0,1748956083.0,1.5926009757185904,61.42869614855289,0.0,-100
217,217,2018-11-21,40000,41900,39300,41350,61013,2.539298669891173,40690.0,39460.0,48020.833333333336,101.6220201523716,104.78966041561075,86.10845986984815,1200.7234661258474,41861.446932251696,37058.553067748304,40216.66666666666,2453739483.0,0.0,2.9303645494787705,74.55706748289758,0.0,-100
218,218,2018-11-22,41850,42900,41450,42200,53522,2.014218009478673,41180.0,39515.0,47819.16666666666,102.4769305488101,106.79488801720863,88.2491330184898,1300.819579706338,42116.63915941268,36913.36084058733,41833.333333333336,2239003666.0,0.0,2.6889684841024395,72.89215117154059,1.0,1
219,219,2018-11-23,42650,44700,41800,43150,95667,2.20162224797219,41570.0,39670.0,47615.0,103.80081789752224,108.772372069574,90.62270292974904,1532.0608755254457,42734.121751050894,36605.87824894911,42533.333333333336,4069036400.0,0.0,2.9895539025467723,74.93454094299516,1.0,-100
220,220,2018-11-26,43050,44900,43050,43900,52688,1.7084282460136675,42180.0,39945.0,47425.0,104.0777619724988,109.90111403179372,92.56721138639958,1767.6106382405196,43480.22127648104,36409.77872351896,43333.333333333336,2283146666.0,0.0,3.132651133007045,75.80245784568878,1.0,-100
221,221,2018-11-27,44200,44450,42600,42700,52896,-2.810304449648712,42660.0,40150.0,47218.333333333336,100.09376465072668,106.35118306351184,90.43097666866684,1839.6939104673168,43829.38782093464,36470.61217906536,43166.66666666666,0.0,2283344000.0,2.692688709847834,72.91946116841223,0.0,-100
222,222,2018-11-28,42700,43450,42300,42750,29015,0.1169590643274853,42940.0,40437.5,47032.5,99.5575221238938,105.71870170015455,90.89459416361026,1769.4687724970192,43976.43754499404,36898.56245500596,42583.333333333336,0.0,1235555416.0,2.187231147880282,68.62480461559666,0.0,-100
223,223,2018-11-29,43150,43650,42500,42500,36136,-0.5882352941176471,43000.0,40667.5,46849.16666666666,98.83720930232558,104.5060552037868,90.71666162685212,1720.5625610002655,44108.62512200053,37226.37487799947,42716.66666666666,1543609466.0,0.0,2.630950197608221,72.45899983264106,0.0,-100
224,224,2018-11-30,42650,44800,42550,43350,97930,1.96078431372549,43040.0,40872.5,46653.333333333336,100.72026022304831,106.06153281546273,92.91940554444128,1785.797404080613,44444.09480816123,37300.90519183877,42850.0,4196300500.0,0.0,3.5936618121741573,78.23087460749086,0.0,-100
225,225,2018-12-03,43900,43900,42700,43250,56485,-0.2312138728323699,42910.0,41032.5,46460.833333333336,100.79235609415052,105.40425272649728,93.08916112137464,1850.4106941006653,44733.32138820133,37331.67861179867,43283.333333333336,2444859083.0,0.0,5.089889323670684,83.57934033196436,0.0,-100
226,226,2018-12-04,43300,43400,42700,42950,46487,-0.6984866123399301,42960.0,41182.5,46271.66666666666,99.97672253258844,104.29187154738057,92.82138097467852,1879.4088516283384,44941.31770325668,37423.682296743325,42983.333333333336,0.0,1998166216.0,3.509030507074393,77.82228356115442,0.0,-100
227,227,2018-12-05,42350,43250,42250,42950,22611,0.0,43000.0,41372.5,46085.833333333336,99.88372093023256,103.81291920961992,93.19566750447534,1855.041140131116,45082.58228026223,37662.41771973777,42516.66666666666,0.0,961344350.0,2.922026256406764,74.50297538507128,0.0,-100
228,228,2018-12-06,42500,43150,42000,42150,40524,-1.8979833926453145,42930.0,41495.0,45863.333333333336,98.18308874912648,101.57850343414869,91.9034813576568,1819.3333076186257,45133.66661523725,37856.33338476275,42216.66666666666,0.0,1710788200.0,2.16163530210607,68.37079851259674,0.0,-100
229,229,2018-12-07,42700,43100,41700,42150,27142,0.0,42690.0,41650.0,45654.16666666666,98.7350667603654,101.20048019207684,92.32454138906635,1729.9224199215903,45109.84483984318,38190.15516015682,42183.333333333336,0.0,1144940033.0,1.735047518946951,63.43756395190456,0.0,-100
230,230,2018-12-10,42000,42750,41100,41800,21708,-0.8373205741626795,42400.0,41852.5,45422.5,98.58490566037736,99.87455946478704,92.02487753866475,1466.3304538882094,44785.160907776415,38919.83909222359,41633.333333333336,0.0,903776400.0,1.8782824419951465,65.25705797979897,0.0,-100
231,231,2018-12-11,41800,42550,39900,40000,47234,-4.5,41810.0,41922.5,45150.833333333336,95.67089213106912,95.41415707555608,88.59194182462487,1329.9658681809535,44582.43173636191,39262.568263638095,40566.66666666666,0.0,1916125933.0,1.380278082399565,57.98810200395169,0.0,-100
232,232,2018-12-12,40400,41550,40400,40950,34542,2.31990231990232,41410.0,42010.0,44891.66666666666,98.88915720840376,97.4767912401809,91.21960274735474,1191.8141854465323,44393.62837089306,39626.371629106936,40583.333333333336,1401829500.0,0.0,1.311397765381225,56.736135381913925,0.0,-100
233,233,2018-12-13,41800,43200,41350,42700,44738,4.098360655737705,41520.0,42157.5,44678.333333333336,102.84200385356456,101.2868410128684,95.57205207595032,1074.1306154036251,44305.76123080725,40009.23876919275,41950.0,1876759100.0,0.0,1.1310234041684226,53.074189704161206,0.0,-100
234,234,2018-12-14,42050,42900,40800,40850,64659,-4.528763769889841,41260.0,42140.0,44420.833333333336,99.00630150266602,96.93877551020408,91.96135446956195,1093.232772439998,44326.46554488,39953.53445512,41233.333333333336,0.0,2666106100.0,0.7734982602582409,43.61426664978013,0.0,-100
235,235,2018-12-17,40100,42200,39400,41500,68886,1.566265060240964,41200.0,42172.5,44184.16666666666,100.72815533980584,98.4053589424388,93.92504856566268,1062.0827354034654,44296.66547080693,40048.33452919307,40333.333333333336,0.0,2778402000.0,0.7484952315343034,42.807965274088815,0.0,-100
236,236,2018-12-18,41000,42900,40650,41650,43230,0.3601440576230492,41530.0,42240.0,43943.333333333336,100.28894774861546,98.6032196969697,94.78115755139194,976.244145477426,44192.48829095485,40287.511709045146,41100.0,1776753000.0,0.0,0.9403721947069598,48.46349567738356,0.0,-100
237,237,2018-12-19,41500,41700,39800,40850,90634,-1.9583843329253363,41510.0,42215.0,43704.16666666666,98.41002168152254,96.76655217339808,93.46934884164362,1006.1782828316796,44227.35656566336,40202.64343433664,40716.66666666666,0.0,3690314366.0,0.658217509478547,39.69428049795072,0.0,-100
238,238,2018-12-20,40200,40900,39300,39650,57987,-3.0264817150063053,40900.0,42087.5,43425.0,96.9437652811736,94.20849420849422,91.30685089234312,1158.2512907964235,44404.002581592846,39770.997418407154,39716.66666666666,0.0,2303050350.0,0.3736459657941547,27.201038338735003,1.0,-100
239,239,2018-12-21,39650,40400,39150,40300,33429,1.6129032258064515,40790.0,41945.0,43153.333333333336,98.79872517773964,96.07819763976636,93.38791904835468,1195.374858624516,44335.74971724903,39554.25028275097,39700.0,0.0,1327131300.0,0.236229312531066,19.10885869931431,0.0,-100
240,240,2018-12-24,40300,40300,39350,39950,30355,-0.8760951188986232,40480.0,41747.5,42894.16666666666,98.6907114624506,95.69435295526678,93.13620733199932,1181.5996071338843,44110.69921426777,39384.30078573223,39866.66666666666,1210152666.0,0.0,0.3229306791676363,24.41024947511372,0.0,-100
241,241,2018-12-26,39150,39950,38200,39700,61823,-0.6297229219143577,40090.0,41597.5,42585.833333333336,99.02718882514344,95.4384277901316,93.22348981468798,1243.1364196638838,44083.772839327765,39111.22716067224,39016.66666666666,0.0,2412127383.0,0.3004635187640789,23.104340446983883,0.0,-100
242,242,2018-12-27,39750,40050,39000,39950,28599,0.6257822277847309,39910.0,41457.5,42320.0,100.10022550739164,96.36374600494484,94.39981096408316,1264.0031437336002,43985.5062874672,38929.4937125328,39566.66666666666,1131567100.0,0.0,0.3864314839299358,27.87238232895355,0.0,-100
243,243,2018-12-28,39350,40450,39150,40150,45203,0.49813200498132,40010.0,41340.0,42127.5,100.34991252186953,97.1214320270924,95.30591656281528,1271.1991851873788,43882.39837037476,38797.60162962524,39550.0,0.0,1787778650.0,0.373875737903999,27.21321350898795,0.0,-100
244,244,2019-01-02,40150,40450,39650,39900,19982,-0.6265664160401002,39930.0,41167.5,41924.16666666666,99.92486851990984,96.9211149571871,95.1718380409072,1217.014790378491,43601.52958075698,38733.47041924302,39900.0,797281800.0,0.0,0.4339985968149266,30.26492478994656,0.0,-100
245,245,2019-01-03,40150,40150,38300,38300,31139,-4.177545691906006,39600.0,40920.0,41727.5,96.71717171717172,93.59726295210169,91.7859924510215,1273.2469888976157,43466.49397779523,38373.50602220477,38916.66666666666,0.0,1211826083.0,0.4508148801529024,31.073218666284333,1.0,-100
246,246,2019-01-04,37800,38400,36900,37800,70646,-1.3227513227513228,39220.0,40662.5,41522.5,96.37939826619072,92.96034429757148,91.03498103437894,1358.9735871334358,43380.44717426687,37944.55282573313,37500.0,0.0,2649225000.0,0.3261560698366712,24.594093957345493,1.0,-100
247,247,2019-01-07,38450,38600,37600,38300,54570,1.3054830287206265,38890.0,40430.0,41370.833333333336,98.48290048855746,94.73163492456096,92.5772988216336,1344.7167574975551,43119.43351499511,37740.56648500489,38116.66666666666,2080026499.0,0.0,0.3359163587729471,25.14501424935688,0.0,-100
248,248,2019-01-08,38400,38950,37900,38400,24289,0.2604166666666666,38540.0,40242.5,41239.16666666666,99.63674104826154,95.42150711312668,93.11536363085256,1353.6767669845287,42949.85353396906,37535.14646603094,38233.333333333336,928649433.0,0.0,0.4363707992381577,30.380094016782152,0.0,-100
249,249,2019-01-09,38050,38800,37650,37700,74768,-1.8567639257294428,38100.0,40020.0,41095.833333333336,98.9501312335958,94.20289855072464,91.73679407888066,1388.9033917371464,42797.80678347429,37242.19321652571,37800.0,0.0,2826230400.0,0.4352245294725611,30.32449073543248,0.0,-100
250,250,2019-01-10,37700,37950,36900,37100,38760,-1.6172506738544474,37860.0,39785.0,40962.5,97.99260433174854,93.25122533618196,90.57064388159904,1467.283562448507,42719.56712489702,36850.43287510298,37233.333333333336,0.0,1443164000.0,0.3128454122901797,23.829569678309625,0.0,-100
251,251,2019-01-11,37100,37900,37050,37050,48147,-0.1349527665317139,37710.0,39637.5,40815.833333333336,98.24980111376291,93.4720908230842,90.77359684762855,1587.8548090857817,42813.20961817156,36461.79038182844,37066.66666666666,0.0,1784648800.0,0.3464420657832098,25.730187327569,0.0,-100
252,252,2019-01-14,37050,37800,36950,37000,27067,-0.1351351351351351,37450.0,39440.0,40673.333333333336,98.79839786381842,93.8133874239351,90.96869365677756,1660.0253644225795,42760.05072884516,36119.94927115484,37000.0,0.0,1001479000.0,0.3738642103345704,27.2126027828853,0.0,-100
253,253,2019-01-15,37300,37900,37300,37750,28377,1.9867549668874167,37320.0,39192.5,40536.66666666666,101.15219721329044,96.31944887414684,93.12556533179836,1510.687800830784,42213.875601661566,36171.124398338434,37450.0,1062718650.0,0.0,0.4769891187803349,32.29469416634714,0.0,-100
254,254,2019-01-16,37700,38150,37000,37100,34195,-1.7520215633423182,37200.0,39005.0,40363.333333333336,99.73118279569891,95.11601076785028,91.91510446775123,1526.7698961498677,42058.539792299736,35951.460207700264,37266.66666666666,0.0,1274333666.0,0.366073573567664,26.797500562990862,0.0,-100
255,255,2019-01-17,37400,38450,37300,37400,45289,0.8021390374331552,37260.0,38800.0,40223.333333333336,100.37573805689748,96.3917525773196,92.98085688240656,1447.3205733717966,41694.64114674359,35905.35885325641,37366.66666666666,1692298966.0,0.0,0.5503051337351993,35.4965691437357,0.0,-100
256,256,2019-01-18,37900,38000,37300,37500,25435,0.2666666666666666,37350.0,38592.5,40116.66666666666,100.40160642570282,97.16913908142772,93.47735770668884,1307.9991751164318,41208.49835023286,35976.50164976714,37566.66666666666,955508166.0,0.0,0.5377103205281125,34.968245536873354,0.0,-100
257,257,2019-01-21,37950,38200,37800,38050,26734,1.445466491458607,37560.0,38452.5,40042.5,101.3045793397231,98.95325401469344,95.02403696072923,1198.9551372143303,40850.410274428665,36054.589725571335,37933.333333333336,1014109733.0,0.0,0.699750501147066,41.167836142707046,0.0,-100
258,258,2019-01-22,38000,38200,37600,37650,12772,-1.0624169986719787,37540.0,38352.5,39985.0,100.29302077783696,98.16830715077243,94.16031011629362,1177.0251305281208,40706.55026105624,35998.44973894376,37750.0,0.0,482143000.0,0.6102170730898301,37.896572039128266,0.0,-100
259,259,2019-01-23,37700,38350,37650,37700,26436,0.1326259946949602,37660.0,38222.5,39945.833333333336,100.10621348911312,98.63300412060958,94.3778032752686,1091.0491088373335,40404.59821767467,36040.40178232533,37683.333333333336,0.0,996196600.0,0.6207795159605075,38.3012932880399,0.0,-100
260,260,2019-01-24,37800,37850,37150,37200,74921,-1.3440860215053765,37620.0,38085.0,39925.833333333336,98.88357256778308,97.6762504923198,93.17275782179458,1033.6572780283875,40152.31455605677,36017.68544394323,37383.333333333336,0.0,2800796716.0,0.6133171735993072,38.01590807038878,0.0,-100
261,261,2019-01-25,37350,37550,36850,37250,73999,0.1342281879194631,37570.0,37962.5,39903.333333333336,99.14825658770296,98.12314784326638,93.35059727675214,975.7419579074456,39913.98391581489,36011.01608418511,37150.0,0.0,2749062850.0,0.3680990161983943,26.90587536721206,0.0,-100
262,262,2019-01-28,37550,38250,37400,38250,65794,2.6143790849673203,37610.0,37877.5,39924.16666666666,101.7016750864132,100.98343343673686,95.80663340917155,860.763889626077,39599.02777925215,36155.97222074785,37733.333333333336,2482626933.0,0.0,0.4692822387328973,31.939557040967458,0.0,-100
263,263,2019-01-29,38450,38550,38200,38500,66033,0.6493506493506493,37780.0,37795.0,39934.16666666666,101.90577024880888,101.86532610133617,96.40867260699902,694.5085350542216,39184.01707010844,36405.98292989156,38383.333333333336,2534566650.0,0.0,0.7773671739009378,43.7370052353777,0.0,-100
264,264,2019-01-30,38600,38600,38000,38200,40011,-0.7853403141361256,37880.0,37710.0,39916.66666666666,100.84477296726504,101.29939008220632,95.69937369519832,500.1578698139667,38710.315739627935,36709.68426037207,38266.66666666666,0.0,1531087600.0,0.7719511450551417,43.56503548133203,0.0,-100
265,265,2019-01-31,38550,38950,38250,38250,35683,0.130718954248366,38090.0,37707.5,39886.66666666666,100.42005775794172,101.4387058277531,95.89670733745614,497.1696205310117,38701.83924106202,36713.16075893798,38350.0,1368443050.0,0.0,1.0253964181618227,50.62694932049084,0.0,-100
266,266,2019-02-01,38500,39150,38250,38300,36254,0.1305483028720626,38300.0,37732.5,39859.16666666666,100.0,101.50400848075267,96.08831092805922,514.3404054044187,38761.18081080884,36703.81918919116,38350.0,0.0,1390340900.0,0.9898708503497898,49.74548223447694,0.0,-100
267,267,2019-02-07,38150,38450,37500,38150,59235,-0.3931847968545215,38280.0,37725.0,39842.5,99.66039707419016,101.12657388999338,95.75202359289705,506.6660895656944,38738.33217913139,36711.66782086861,37933.333333333336,0.0,2246981000.0,0.7458686445514805,42.72192222932652,0.0,-100
268,268,2019-02-08,38300,40950,38200,40850,147720,6.609547123623011,38750.0,37847.5,39861.66666666666,105.41935483870968,107.93315278419976,102.4794079525024,854.9353622843151,39557.37072456863,36137.62927543137,39116.66666666666,5778314000.0,0.0,1.2975629481428834,56.4756212312573,1.0,0
269,269,2019-02-11,41900,44000,41500,42000,231293,2.738095238095238,39510.0,38062.5,39910.833333333336,106.30220197418376,110.34482758620688,105.23458543002108,1260.4171197621347,40583.33423952427,35541.66576047573,41800.0,9668047400.0,0.0,1.9514945985231795,66.11886057659181,1.0,-100
270,270,2019-02-12,41500,42500,40500,42000,94138,0.0,40260.0,38307.5,39981.66666666666,104.32190760059612,109.639104613979,105.0481470674059,1514.167740829405,41335.83548165881,35279.16451834119,41333.333333333336,0.0,3891037333.0,1.4201025909831744,58.679437651701086,1.0,-100
271,271,2019-02-13,42100,42300,41300,41450,60068,-1.3268998793727382,40890.0,38527.5,40029.16666666666,101.36952800195648,107.58549088313542,103.54949515977934,1636.546025853488,41800.592051706975,35254.407948293025,41616.66666666666,2499829933.0,0.0,1.5124542128483218,60.1982796388429,0.0,-100
272,272,2019-02-14,41400,41450,40350,41100,61834,-0.851581508515815,41480.0,38732.5,40060.833333333336,99.08389585342331,106.11243787516943,102.5939716680881,1691.0192348496755,42114.53846969935,35350.46153030065,40950.0,0.0,2532102300.0,1.341512706053953,57.29256572409314,0.0,-100
273,273,2019-02-15,40800,41300,39650,40300,59309,-1.9851116625310168,41370.0,38860.0,40070.0,97.4135847232294,103.70560988162636,100.57399550786124,1709.077929300199,42278.1558586004,35441.844141399604,40250.0,0.0,2387187250.0,1.2459589019888528,55.47558777168741,0.0,-100
274,274,2019-02-18,40400,41200,40050,40200,63842,-0.2487562189054726,41010.0,39015.0,40053.333333333336,98.0248719824433,103.03729334871204,100.36617842876166,1681.4076183208435,42377.81523664169,35652.18476335831,40216.66666666666,0.0,2567512433.0,1.2610228011436984,55.77222841387678,0.0,-100
275,275,2019-02-19,40450,40550,39750,40400,52754,0.495049504950495,40690.0,39165.0,40045.833333333336,99.28729417547308,103.15332567343292,100.88440328789927,1663.4697409172709,42491.93948183454,35838.06051816546,40200.0,0.0,2120710800.0,1.303470327601956,56.58724195327243,0.0,-100
276,276,2019-02-20,40550,40800,39900,40450,77666,0.1236093943139678,40490.0,39312.5,40048.333333333336,99.90121017535192,102.89348171701114,101.0029547629947,1638.6672216035502,42589.8344432071,36035.1655567929,40300.0,3129939800.0,0.0,1.3381472584099685,57.23109413219597,0.0,-100
277,277,2019-02-21,40700,40850,40000,40000,61277,-1.125,40270.0,39410.0,40025.833333333336,99.32952570151478,101.49708195889367,99.93545834981576,1617.4704097187662,42644.940819437536,36175.059180562464,40233.333333333336,0.0,2465377966.0,1.0620961403776614,51.50565580240815,0.0,-100
278,278,2019-02-22,40000,40350,39850,40300,46661,0.7444168734491315,40270.0,39542.5,39994.16666666666,100.07449714427614,101.9156603654296,100.76469485133248,1573.6543959506298,42689.80879190126,36395.19120809874,40050.0,0.0,1868773050.0,1.0453912485118195,51.10959818921796,0.0,-100
279,279,2019-02-25,40500,40950,39900,40600,63332,0.7389162561576355,40350.0,39687.5,39951.66666666666,100.61957868649318,102.2992125984252,101.62279420967002,1527.887688763048,42743.27537752609,36631.72462247391,40333.333333333336,2554390666.0,0.0,1.100628618971665,52.39520251373435,0.0,-100
280,280,2019-02-26,40800,41500,40100,40150,61825,-1.1207970112079702,40300.0,39835.0,39889.16666666666,99.62779156327544,100.79076189280782,100.65389516786097,1413.199058500738,42661.398117001474,37008.601882998526,40350.0,2494638750.0,0.0,1.30107440831275,56.542039823334335,0.0,-100
281,281,2019-02-27,40200,40400,39500,39850,76109,-0.7528230865746549,40180.0,39965.0,39841.66666666666,99.17869586859132,99.71224821719004,100.02091612633342,1275.796964542888,42516.59392908578,37413.40607091422,39850.0,0.0,3032943650.0,1.2520658154564763,55.59632435532051,0.0,-100
282,282,2019-02-28,40000,41650,39950,40500,221464,1.6049382716049383,40280.0,40077.5,39804.16666666666,100.54617676266136,101.05420747302102,101.74814194493878,1214.3305498135717,42506.16109962714,37648.83890037286,40150.0,8891779600.0,0.0,1.4012807394393607,58.3555565338239,0.0,-100
283,283,2019-03-04,41450,44450,41400,44350,307160,8.680947012401354,41090.0,40370.0,39835.0,107.93380384521782,109.85880604409216,111.33425379691226,1488.0577238379192,43346.11544767584,37393.88455232416,42400.0,13023584000.0,0.0,1.562097078213358,60.96947268300482,1.0,-100
284,284,2019-03-05,44500,44650,43100,43400,149018,-2.1889400921658986,41650.0,40630.0,39835.833333333336,104.20168067226892,106.81762244646814,108.94713720896176,1542.24716429938,43714.49432859876,37545.50567140124,43666.66666666666,6507119333.0,0.0,2.3035161313437924,69.72922303868927,0.0,-100
285,285,2019-03-06,43700,43700,42300,43400,102873,0.0,42300.0,40887.5,39838.333333333336,102.60047281323877,106.14490981351268,108.94030038070537,1553.8470933375936,43995.19418667519,37779.80581332481,43133.333333333336,0.0,4437255400.0,1.7094006442652607,63.09146814013616,0.0,-100
286,286,2019-03-07,43350,43800,42150,42350,95773,-2.479338842975207,42800.0,41090.0,39828.333333333336,98.94859813084112,103.0664395229983,106.3313386617567,1459.9567405271057,44009.91348105421,38170.08651894579,42616.66666666666,0.0,4081526016.0,1.5940505792385244,61.45025050770032,0.0,-100
287,287,2019-03-08,42000,43350,41850,42750,64105,0.9356725146198832,43250.0,41320.0,39825.0,98.84393063583816,103.46079380445306,107.3446327683616,1328.8697215461382,43977.73944309228,38662.26055690772,42200.0,0.0,2705231000.0,1.5722725548258538,61.12387086959759,0.0,-100
288,288,2019-03-11,43650,43650,41900,42650,102232,-0.2344665885111371,42910.0,41410.0,39833.333333333336,99.39408063388488,102.99444578604202,107.07112970711296,1356.039123795167,44122.07824759033,38697.92175240967,42733.333333333336,4368714133.0,0.0,1.9781057614264703,66.4216088980999,0.0,-100
289,289,2019-03-12,43150,43850,42550,43800,125201,2.6255707762557075,42990.0,41500.0,39860.833333333336,101.88415910676902,105.5421686746988,109.88229883135074,1453.4894492040091,44406.978898408015,38593.02110159199,43166.66666666666,5404509833.0,0.0,2.4944547901561056,71.38323257702447,0.0,-100
290,290,2019-03-13,43950,44050,43150,43300,66255,-1.1547344110854505,42970.0,41565.0,39885.833333333336,100.76797765883174,104.17418501142788,108.55984789921234,1505.1752826760587,44575.35056535212,38554.64943464788,43466.66666666666,2879884000.0,0.0,2.481004499170364,71.27265993944184,0.0,-100
291,291,2019-03-14,43600,43600,42600,43200,74892,-0.2314814814814814,43140.0,41652.5,39939.16666666666,100.13908205841446,103.71526318948445,108.16450017735306,1548.38413226584,44749.26826453168,38555.73173546832,43133.333333333336,0.0,3230341600.0,2.3829536992171008,70.44003291468563,0.0,-100
292,292,2019-03-15,42850,43100,41550,42050,127740,-2.7348394768133173,43000.0,41700.0,39957.5,97.7906976744186,100.83932853717026,105.2368141149972,1545.111135502116,44790.22227100423,38609.77772899577,42150.0,0.0,5384241000.0,2.0166819989057925,66.85099720942682,0.0,-100
293,293,2019-03-18,42050,42750,41850,42300,76908,0.5910165484633569,42930.0,41800.0,39950.833333333336,98.53249475890983,101.19617224880382,105.88014434408962,1514.1438435457096,44828.28768709142,38771.71231290858,42066.66666666666,0.0,3235263200.0,1.6689225234341465,62.53169617253319,0.0,-100
294,294,2019-03-19,42450,42700,41650,41650,67388,-1.56062424969988,42500.0,41872.5,39964.16666666666,98.0,99.46862499253687,104.21836228287842,1467.496525594383,44807.493051188765,38937.50694881124,41916.66666666666,0.0,2824680333.0,1.4197541147898656,58.67348695109705,0.0,-100
295,295,2019-03-20,41650,41800,40300,41200,81320,-1.0922330097087378,42080.0,41912.5,39959.16666666666,97.90874524714827,98.30002982403818,103.10525327938936,1435.8085013787827,44784.117002757564,39040.88299724244,41050.0,0.0,3338186000.0,1.4049313503008305,58.41877150152702,0.0,-100
296,296,2019-03-21,41350,41400,40200,40200,64757,-2.4875621890547266,41480.0,41900.0,39935.0,96.91417550626808,95.94272076372316,100.6635783147615,1450.226842510112,44800.45368502023,38999.54631497977,40583.333333333336,0.0,2628054916.0,1.0100120521577882,50.2490545304701,0.0,-100
297,297,2019-03-22,40200,41000,40200,40400,41245,0.495049504950495,41150.0,41920.0,39927.5,98.17739975698665,96.37404580152672,101.18339490326215,1425.18696834375,44770.3739366875,39069.6260633125,40266.66666666666,0.0,1660798666.0,0.571510720087573,36.36696287097077,0.0,-100
298,298,2019-03-25,39800,40300,39100,39400,57392,-2.538071065989848,40570.0,41875.0,39923.333333333336,97.11609563717032,94.08955223880598,98.68915421224013,1491.6874937289565,44858.37498745792,38891.625012542085,39433.333333333336,0.0,2263157866.0,0.3535500098986633,26.120202970936603,0.0,-100
299,299,2019-03-26,39900,39950,38850,39800,41388,1.0050251256281406,40200.0,41835.0,39915.0,99.00497512437812,95.13565196605714,99.71188776149316,1537.6930773076942,44910.386154615386,38759.61384538461,39516.66666666666,1635515800.0,0.0,0.455755948169391,31.30716716236006,0.0,-100
300,300,2019-03-27,40050,40250,39100,39250,52657,-1.4012738853503186,39810.0,41790.0,39903.333333333336,98.59331826174328,93.92199090691552,98.36270988221536,1601.4467143640388,44992.89342872808,38587.10657127192,39466.66666666666,0.0,2078196266.0,0.486866237007249,32.74445440278535,0.0,-100
301,301,2019-03-28,39300,39300,37700,38200,115896,-2.74869109947644,39410.0,41707.5,39878.333333333336,96.92971327074346,91.590241563268,95.7913654031011,1742.901014793562,45193.302029587125,38221.69797041288,38400.0,0.0,4450406400.0,0.4595398913739124,31.48525738075803,1.0,-100
302,302,2019-03-29,38300,38750,37550,38150,51725,-0.1310615989515072,38960.0,41590.0,39848.333333333336,97.92094455852155,91.7287809569608,95.73800660839014,1900.6647036732911,45391.32940734658,37788.67059265342,38000.0,0.0,1965550000.0,0.3000679623494523,23.08094430749425,0.0,-100
303,303,2019-04-01,38100,39500,38100,39400,50794,3.172588832487309,38960.0,41342.5,39835.833333333336,101.129363449692,95.3014452439983,98.9059264062925,1843.7857935865504,45030.0715871731,37654.9284128269,38533.333333333336,1957262133.0,0.0,0.1957919526556011,16.37341280151523,0.0,-100
304,304,2019-04-02,40100,40100,39050,39550,67710,0.3792667509481668,38910.0,41150.0,39830.0,101.644821382678,96.11178614823817,99.29701230228471,1818.4724648075269,44786.944929615056,37513.055070384944,39566.66666666666,2679059000.0,0.0,0.1897171847627201,15.946410390008596,0.0,-100
305,305,2019-04-03,39550,39800,39100,39350,55592,-0.5082592121982211,38930.0,40947.5,39847.5,101.0788594913948,96.09866292203432,98.75149005583788,1779.819254572602,44507.1385091452,37387.8614908548,39333.333333333336,0.0,2186618666.0,0.1959021364565283,16.3811176922042,0.0,-100
306,306,2019-04-04,39800,39900,39100,39200,41986,-0.3826530612244898,39130.0,40790.0,39870.833333333336,100.17889087656528,96.10198578082864,98.31748354059984,1788.5307112999658,44367.06142259993,37212.93857740007,39366.66666666666,1652848866.0,0.0,0.2975747021303332,22.93314609492469,0.0,-100
307,307,2019-04-05,39200,39500,38800,38800,37059,-1.0309278350515465,39260.0,40592.5,39879.16666666666,98.82832399388693,95.58415963540064,97.29390868247832,1778.7691634504206,44150.03832690084,37034.96167309916,38933.333333333336,0.0,1442830400.0,0.3190487483282689,24.1877905371294,0.0,-100
308,308,2019-04-08,38850,39200,38650,39000,34986,0.5128205128205128,39180.0,40410.0,39889.16666666666,99.5405819295559,96.51076466221232,97.77090688783504,1743.453922232352,43896.9078444647,36923.0921555353,38833.333333333336,0.0,1358623000.0,0.3390613834530692,25.320824544930403,0.0,-100
309,309,2019-04-09,39000,39550,38800,39350,34519,0.8894536213468869,39140.0,40187.5,39916.66666666666,100.53653551354114,97.91601866251943,98.58037578288102,1562.6289420480855,43312.75788409617,37062.24211590383,39050.0,1347966950.0,0.0,0.4628403431849728,31.63983994160651,0.0,-100
310,310,2019-04-10,39400,39900,39000,39650,50247,0.7566204287515763,39200.0,40005.0,39959.16666666666,101.14795918367348,99.11261092363456,99.22629350795604,1382.7794283140115,42770.55885662802,37239.44114337198,39350.0,1977219450.0,0.0,0.6463147791220198,39.25827474298079,0.0,-100
311,311,2019-04-11,39700,40100,39400,40050,47281,0.9987515605493134,39370.0,39847.5,40009.16666666666,101.72720345440692,100.5081874647092,100.10205994459604,1161.3824566120843,42170.26491322417,37524.73508677583,39716.66666666666,1877843716.0,0.0,0.8337502015776677,45.4669453265963,0.0,-100
312,312,2019-04-12,40200,40250,39300,39300,55816,-1.9083969465648856,39470.0,39710.0,40047.5,99.56929313402584,98.96751447997984,98.13346650852112,1043.728135604591,41797.45627120918,37622.54372879082,39600.0,0.0,2210313600.0,0.8365578364228143,45.55031264641431,0.0,-100
313,313,2019-04-15,39400,39600,39000,39050,23932,-0.6402048655569782,39480.0,39547.5,40069.16666666666,98.91084093211752,98.74201909096656,97.4564815007383,855.2431171741094,41257.98623434822,37837.01376565178,39150.0,0.0,936937800.0,0.6910740917980951,40.86598542014713,0.0,-100
314,314,2019-04-16,39100,39450,38800,39400,27739,0.8883248730964468,39490.0,39435.0,40107.5,99.77209420106357,99.911246354761,98.23599077479275,697.5709735631912,40830.14194712638,38039.85805287362,39100.0,0.0,1084594900.0,0.7349892658381759,42.36275579970817,0.0,-100
315,315,2019-04-17,39400,39700,38900,38950,40053,-1.1553273427471118,39350.0,39322.5,40133.333333333336,98.98348157560356,99.05270519422722,97.05149501661128,567.1895162716113,40456.87903254322,38188.12096745678,39083.333333333336,0.0,1565404750.0,0.9012873087553044,47.40405643086845,0.0,-100
316,316,2019-04-18,38950,39050,38400,38500,49031,-1.1688311688311688,39040.0,39237.5,40150.0,98.61680327868852,98.12042051608792,95.89041095890413,556.0374372098977,40349.57487441979,38125.42512558021,38616.66666666666,0.0,1893413783.0,0.9064152215278176,47.54553002369592,0.0,-100
317,317,2019-04-19,38500,39650,38500,39450,42830,2.4081115335868186,39070.0,39190.0,40173.333333333336,100.9726132582544,100.66343454963,98.19946896780615,487.9063758334698,40165.81275166694,38214.18724833306,38816.66666666666,1662517833.0,0.0,0.8831680871840765,46.89799562739448,0.0,-100
318,318,2019-04-22,39500,40750,39500,39950,67491,1.2515644555694618,39250.0,39217.5,40211.66666666666,101.78343949044586,101.86778861477656,99.34927674389688,515.1072959256093,40247.71459185122,38187.28540814878,39650.0,2676018150.0,0.0,0.882928248624114,46.89123174339138,0.0,-100
319,319,2019-04-23,40200,40200,39250,39350,26901,-1.5247776365946633,39240.0,39195.0,40239.16666666666,100.2803261977574,100.39545860441385,97.7902955246754,497.8638579497766,40190.72771589956,38199.27228410044,39600.0,0.0,1065279600.0,0.9685930281846342,49.20229901849424,0.0,-100
320,320,2019-04-24,39400,39400,38850,38900,50676,-1.1568123393316194,39230.0,39177.5,40267.5,99.15880703543208,99.29168527853996,96.60396101074068,501.96325090902985,40181.42650181806,38173.57349818194,39050.0,0.0,1978897800.0,0.7048875377498931,41.34510471466066,0.0,-100
321,321,2019-04-25,39000,39000,38400,38650,52892,-0.646830530401035,39260.0,39200.0,40290.833333333336,98.44625573102394,98.5969387755102,95.92752693954372,464.5314560761352,40129.06291215227,38270.93708784773,38683.333333333336,0.0,2046038866.0,0.6748161768753131,40.29195479436499,0.0,-100
322,322,2019-04-26,38650,39150,38450,38500,31550,-0.3896103896103896,39070.0,39217.5,40295.0,98.54108011261836,98.17045961624274,95.54535302146668,428.0540423333232,40073.608084666645,38361.39191533336,38533.333333333336,0.0,1215726666.0,0.681705614617543,40.53656054258806,0.0,-100
323,323,2019-04-29,38400,38800,38200,38700,35684,0.516795865633075,38820.0,39182.5,40298.333333333336,99.69088098918084,98.76858291329036,96.03374829397411,440.775333630236,40064.05066726048,38300.949332739525,38433.333333333336,0.0,1371455066.0,0.5331575774450971,34.77513239921288,0.0,-100
324,324,2019-04-30,38750,39350,38400,39050,35085,0.8962868117797695,38760.0,39157.5,40312.5,100.74819401444788,99.72546766264443,96.86821705426355,432.9443260670913,40023.388652134185,38291.611347865815,38733.333333333336,1358959000.0,0.0,0.4929273638652265,33.01750478931709,0.0,-100
325,325,2019-05-02,39100,39400,38900,38950,27556,-0.2567394094993581,38770.0,39137.5,40324.16666666666,100.46427650245036,99.52091983391888,96.5922007067722,432.8227423735879,40003.145484747176,38271.85451525282,38983.333333333336,1074224733.0,0.0,0.4406358687147145,30.58620698565798,0.0,-100
326,326,2019-05-03,38950,39400,38900,38900,25576,-0.1285347043701799,38820.0,39122.5,40334.16666666666,100.20607934054613,99.431273563806,96.44428834114998,435.7313875603488,39993.9627751207,38251.0372248793,38916.66666666666,0.0,995332666.0,0.4784625543243261,32.362169263258,0.0,-100
327,327,2019-05-07,38400,38800,38250,38350,51888,-1.434159061277705,38790.0,39100.0,40337.5,98.8656870327404,98.08184143222506,95.07282305546948,463.9646084506237,40027.92921690125,38172.07078309875,38333.333333333336,0.0,1989040000.0,0.4453559833804358,30.812892360180072,0.0,-100
328,328,2019-05-08,38000,38650,37600,38250,36130,-0.261437908496732,38700.0,39062.5,40294.16666666666,98.83720930232558,97.92,94.92689181643333,501.2812531272698,40065.06250625454,38059.93749374546,37950.0,0.0,1371133500.0,0.4371185728305965,30.41631923033556,0.0,-100
329,329,2019-05-09,38600,38600,37200,37300,66820,-2.546916890080429,38350.0,38960.0,40215.833333333336,97.26205997392438,95.73921971252568,92.74953894610331,631.9560277840822,40223.912055568166,37696.08794443184,37700.0,0.0,2519114000.0,0.4117690394404816,29.166884096259523,1.0,0
330,330,2019-05-10,36900,37600,36050,36100,82279,-3.32409972299169,37780.0,38782.5,40117.5,95.55320275277926,93.0832205247212,89.98566710288527,878.4368593071885,40539.37371861438,37025.62628138562,36350.0,0.0,2990841650.0,0.3860100227555749,27.85044959401772,1.0,-100
331,331,2019-05-13,35550,36100,35450,35450,53578,-1.833568406205924,37090.0,38552.5,40017.5,95.5783229981127,91.95253226120226,88.58624351846068,1102.6851199160233,40757.870239832046,36347.129760167954,35483.333333333336,0.0,1901126033.0,0.2627651513019536,20.808711028415203,1.0,-100
332,332,2019-05-14,34750,35750,34200,35300,61441,-0.424929178470255,36480.0,38352.5,39920.833333333336,96.765350877193,92.04093605371229,88.4250078279929,1304.292003954234,40961.08400790847,35743.91599209153,34750.0,0.0,2135074750.0,0.112756703289404,10.133095847105269,1.0,-100
333,333,2019-05-15,35300,35850,34800,35550,56949,0.7032348804500703,35940.0,38177.5,39841.66666666666,98.91485809682806,93.11767402265733,89.22819493829743,1434.121315429216,41045.74263085843,35309.25736914157,35216.666666666664,2005553949.0,0.0,0.216378330384298,17.788736035435306,0.0,-100
334,334,2019-05-16,35550,35800,34000,34550,95290,-2.894356005788712,35390.0,37935.0,39747.5,97.62644814919469,91.07684196652168,86.92370589345242,1615.1503107499914,41165.300621499984,34704.699378500016,34700.0,0.0,3306563000.0,0.2032254477091208,16.890055649674935,1.0,-100
335,335,2019-05-17,35300,35700,33300,33500,128787,-3.134328358208955,34870.0,37662.5,39632.5,96.07112130771436,88.94789246598074,84.52658802750268,1873.9119650163889,41410.32393003278,33914.67606996722,34033.333333333336,0.0,4383050900.0,0.1835823293442651,15.51073590681051,1.0,-100
336,336,2019-05-20,33350,36800,33000,34200,264141,2.046783625730994,34620.0,37447.5,39528.333333333336,98.78682842287697,91.32785900260365,86.52021756545936,2014.1914271645487,41475.882854329095,33419.117145670905,33516.666666666664,0.0,8853125850.0,0.1395133761162539,12.243241636333424,0.0,-100
337,337,2019-05-21,33500,33900,32950,33050,106071,-3.479576399394856,34170.0,37127.5,39412.5,96.72227099795144,89.01757457410275,83.85664446558833,2180.805922975315,41489.11184595063,32765.88815404937,33166.666666666664,0.0,3518021499.0,0.1306955505256551,11.558863079004368,0.0,-100
338,338,2019-05-22,33200,33400,32850,33200,47268,0.4518072289156626,33700.0,36790.0,39294.16666666666,98.51632047477746,90.24191356346832,84.49091256123683,2242.449318795951,41274.89863759191,32305.1013624081,33083.333333333336,0.0,1563783000.0,0.086690332440413,7.977464218875497,0.0,-100
339,339,2019-05-23,33200,33500,32450,32950,54623,-0.7587253414264037,33380.0,36470.0,39166.66666666666,98.7118034751348,90.34823142308748,84.1276595744681,2313.427623337514,41096.85524667503,31843.14475332497,32866.666666666664,0.0,1795275933.0,0.0537372526372668,5.099682345174244,0.0,-100
340,340,2019-05-24,32550,32950,31600,31700,118725,-3.943217665615142,33020.0,36110.0,39025.833333333336,96.00242277407632,87.78731653281639,81.22824624714397,2470.275927481532,41050.551854963065,31169.44814503693,31950.0,0.0,3793263750.0,0.0499896124043236,4.7609625670348095,0.0,-100
341,341,2019-05-27,31500,32100,31300,31800,39371,0.3144654088050315,32540.0,35767.5,38891.66666666666,97.7258758451137,88.90752778360243,81.76558817227343,2572.336384239864,40912.17276847973,30622.82723152027,31533.33333333333,0.0,1241498866.0,0.0509387491599021,4.846976020307693,0.0,-100
342,342,2019-05-28,31850,32350,31450,31450,71590,-1.1128775834658189,32220.0,35415.0,38740.833333333336,97.61018001241465,88.8041790201892,81.18049431048205,2659.74375497063,40734.48750994126,30095.51249005874,31583.33333333333,2261050833.0,0.0,0.1122768890379747,10.0943290420324,0.0,-100
343,343,2019-05-29,31700,31700,30600,30700,85076,-2.44299674267101,31720.0,35015.0,38513.333333333336,96.7843631778058,87.67670998143653,79.71265362644971,2740.058585620312,40495.11717124062,29534.88282875937,31000.0,0.0,2637356000.0,0.111928615199459,10.06616914696282,0.0,-100
344,344,2019-05-30,30700,31800,30700,31450,49579,2.384737678855326,31420.0,34635.0,38314.16666666666,100.09548058561424,90.80409989894616,82.08452052113013,2677.297341094482,39989.59468218897,29280.40531781104,30950.0,0.0,1534470050.0,0.1163748250586172,10.424350535897004,0.0,-100
345,345,2019-05-31,31350,32700,31250,32500,82389,3.230769230769231,31580.0,34312.5,38132.5,102.91323622545916,94.71766848816029,85.22913525208156,2513.6404193708254,39339.78083874165,29285.21916125835,31700.0,2611731300.0,0.0,0.1978723394416844,16.51865002024428,0.0,-100
346,346,2019-06-03,32300,32400,31650,31650,50021,-2.6856240126382307,31550.0,33950.0,37954.16666666666,100.31695721077654,93.22533136966126,83.39005379295203,2333.5651513916373,38617.13030278328,29282.869697216724,31866.666666666668,1594002533.0,0.0,0.2596773262564983,20.6145908038375,0.0,-100
347,347,2019-06-04,31700,32200,31400,31750,36813,0.3149606299212598,31610.0,33620.0,37770.833333333336,100.44289781714647,94.43783462224866,84.05956977385549,2136.980161472333,37893.960322944666,29346.03967705533,31616.666666666668,0.0,1163904350.0,0.1913798380058448,16.06371300744692,0.0,-100
348,348,2019-06-05,32000,32100,31450,31650,35513,-0.315955766192733,31800.0,33290.0,37587.5,99.52830188679243,95.07359567437668,84.20352510808115,1878.3111114985584,37046.62222299712,29533.377777002883,31700.0,1125762100.0,0.0,0.2490686584388208,19.94034969623891,0.0,-100
349,349,2019-06-07,31650,32200,31500,31900,30925,0.7836990595611284,31890.0,33020.0,37389.16666666666,100.0313577924114,96.60811629315566,85.31883121224955,1645.2003557397863,36310.400711479575,29729.59928852043,31683.33333333333,0.0,979807083.0,0.2803694531844877,21.897543126100288,0.0,-100
350,350,2019-06-10,32000,32150,31750,32150,25608,0.7776049766718507,31820.0,32822.5,37203.333333333336,101.03708359522312,97.95110061695485,86.41698772511424,1485.3207167406476,35793.141433481294,29851.858566518706,31966.666666666668,818602400.0,0.0,0.4614568259928978,31.575125435497483,0.0,-100
351,351,2019-06-11,32450,33550,32100,33350,74849,3.598200899550225,32160.0,32717.5,37039.16666666666,103.70024875621893,101.93321616871704,90.03982271019417,1358.6249821438096,35434.74996428762,30000.25003571238,32633.33333333333,2442572366.0,0.0,0.7378786192102514,42.45858203523831,0.0,-100
352,352,2019-06-12,33250,33300,32650,33000,45315,-1.0606060606060608,32410.0,32602.5,36888.333333333336,101.82042579450788,101.21923165401424,89.45917860208738,1218.6570477373868,35039.81409547477,30165.185904525228,32966.666666666664,1493884500.0,0.0,0.939297448962486,48.43493448954957,0.0,-100
353,353,2019-06-13,33000,33850,32750,33850,64047,2.511078286558346,32850.0,32517.5,36747.5,103.0441400304414,104.09779349580994,92.11510987141982,1049.8464800050297,34617.192960010056,30417.80703998994,33200.0,2126360400.0,0.0,1.2752056162176018,56.04792846536471,0.0,-100
354,354,2019-06-14,33700,33800,33300,33700,84834,-0.4451038575667655,33210.0,32475.0,36615.0,101.47545919903644,103.77213240954582,92.03878191997816,977.9812720195904,34430.96254403918,30519.037455960817,33566.666666666664,2847594600.0,0.0,2.2921103236842457,69.62434725210284,0.0,-100
355,355,2019-06-17,33700,33750,32800,32800,66809,-2.7439024390243905,33340.0,32440.0,36475.0,98.38032393521296,101.10974106041924,89.92460589444825,951.5361541379197,34343.07230827584,30536.92769172416,33100.0,0.0,2211377900.0,2.0313982552862866,67.01192269091811,0.0,-100
356,356,2019-06-18,32500,33350,32500,32700,38983,-0.3058103975535168,33210.0,32365.0,36350.0,98.46431797651309,101.03506874710337,89.95873452544704,860.2478223102207,34085.495644620445,30644.50435537956,32566.666666666668,0.0,1269546366.0,1.5373418061411144,60.58867600810795,0.0,-100
357,357,2019-06-19,32600,32900,32150,32350,66671,-1.0819165378670788,33080.0,32330.0,36215.833333333336,97.79322853688028,100.06186204763378,89.32557122805403,845.0163498885397,34020.03269977708,30639.96730022292,32366.666666666668,0.0,2157918033.0,1.616450762752813,61.78028594171278,0.0,-100
358,358,2019-06-20,32350,32700,32150,32200,65140,-0.4658385093167702,32750.0,32280.0,36095.833333333336,98.3206106870229,99.75216852540272,89.20697218053792,820.0449281658474,33920.089856331695,30639.910143668305,32233.33333333333,0.0,2099679333.0,1.5239986853113143,60.38032801603229,0.0,-100
359,359,2019-06-21,31500,33000,30850,33000,117937,2.4242424242424243,32610.0,32282.5,35982.5,101.19595216191352,102.22256640594748,91.71124852358786,822.2682044199469,33927.03640883989,30637.963591160107,31783.33333333333,0.0,3748430983.0,0.9132921811558098,47.73406749637657,0.0,-100
360,360,2019-06-24,32400,32550,31650,31650,60098,-4.265402843601896,32380.0,32280.0,35855.833333333336,97.7455219271155,98.04832713754648,88.27015594859041,824.2061571437621,33928.412314287525,30631.587685712475,31900.0,1917126200.0,0.0,0.9369978249793336,48.37371590695156,0.0,-100
361,361,2019-06-25,31200,31950,31200,31300,42726,-1.1182108626198082,32100.0,32255.0,35740.833333333336,97.50778816199376,97.03921872577897,87.5749026556926,846.8051413214405,33948.61028264288,30561.38971735712,31233.33333333333,0.0,1334475400.0,0.925417361222318,48.06320852092207,0.0,-100
362,362,2019-06-26,31200,31650,30950,31350,39190,0.1594896331738437,31900.0,32250.0,35627.5,98.27586206896552,97.2093023255814,87.99382499473721,852.087220640558,33954.17444128112,30545.825558718883,31166.666666666668,0.0,1221421666.0,0.7752384048278719,43.66953772065558,0.0,-100
363,363,2019-06-27,31600,31600,30300,30400,101328,-3.125,31540.0,32235.0,35477.5,96.3855421686747,94.3074298123158,85.68811218377846,882.892971996042,34000.78594399209,30469.21405600792,30766.666666666668,0.0,3117524800.0,0.6786647039022737,40.42884218180257,1.0,0
364,364,2019-06-28,30400,30500,29850,30000,69889,-1.3333333333333337,30940.0,32162.5,35318.333333333336,96.96186166774402,93.2763311309755,84.94172054173941,1002.2179351187484,34166.935870237496,30158.064129762504,30083.33333333333,0.0,2102494083.0,0.5620937520300261,35.98335575566797,1.0,-100
365,365,2019-07-01,29950,30850,29950,30700,35395,2.280130293159609,30750.0,32072.5,35174.166666666664,99.83739837398376,95.72063294099308,87.27996398872278,1049.996867163248,34172.4937343265,29972.506265673503,30200.0,1068929000.0,0.0,0.4907833258888658,32.92117086138194,0.0,-100
366,366,2019-07-02,30700,31000,30300,30350,33314,-1.1532125205930808,30560.0,32007.5,35026.666666666664,99.31282722513087,94.82152620479576,86.64826798629616,1115.71018213796,34238.92036427592,29776.07963572408,30450.0,1014411300.0,0.0,0.4658922667817046,31.782162805493783,0.0,-100
367,367,2019-07-03,30350,30650,30050,30250,32280,-0.3305785123966942,30340.0,31932.5,34884.166666666664,99.70336189848383,94.73107335786425,86.71555863452856,1182.3565897237438,34297.213179447484,29567.786820552512,30216.666666666668,0.0,975394000.0,0.3383719861497098,25.28235719601051,0.0,-100
368,368,2019-07-04,29700,30300,29550,29800,68943,-1.51006711409396,30220.0,31840.0,34730.833333333336,98.6101919258769,93.5929648241206,85.80272092521054,1274.4038854138423,34388.80777082768,29291.19222917232,29683.33333333333,0.0,2046458050.0,0.1795161164141665,15.21947126588752,0.0,-100
369,369,2019-07-05,29750,30150,29600,30000,45747,0.6666666666666667,30220.0,31745.0,34575.0,99.27200529450695,94.50307134981888,86.76789587852495,1338.8820945691589,34422.76418913832,29067.235810861683,29783.33333333333,1362498150.0,0.0,0.2671684893946259,21.083896232478324,0.0,-100
370,370,2019-07-08,29800,29900,29150,29300,62679,-2.389078498293516,29940.0,31602.5,34402.5,97.8623914495658,92.71418400443004,85.16822905312114,1441.2599568287112,34485.01991365742,28719.980086342577,29416.666666666668,0.0,1843807250.0,0.2597378734314463,20.61840632955941,0.0,-100
371,371,2019-07-09,29200,29300,28350,28350,109766,-3.3509700176366843,29540.0,31352.5,34207.5,95.97156398104264,90.42341121122718,82.87656215742162,1551.6099448806826,34455.71988976136,28249.28011023864,28633.33333333333,0.0,3142966466.0,0.2479106418535633,19.86605719503548,0.0,-100
372,372,2019-07-10,28350,29700,28350,29350,68557,3.4071550255536627,29360.0,31170.0,34041.666666666664,99.96594005449592,94.16105229387232,86.21787025703796,1562.2520855954622,34294.50417119092,28045.495828809075,28683.33333333333,1966443283.0,0.0,0.3752325898530778,27.285027465293386,0.0,-100
373,373,2019-07-11,29200,29800,29200,29750,21203,1.3445378151260503,29350.0,30965.0,33886.666666666664,101.36286201022146,96.07621508154368,87.79264214046823,1457.5664650368446,33880.13293007369,28049.86706992631,29383.33333333333,623014816.0,0.0,0.5038108101322218,33.502273473345,0.0,-100
374,374,2019-07-12,29850,29850,29000,29150,67733,-2.058319039451116,29180.0,30737.5,33715.833333333336,99.8971898560658,94.83529890199269,86.45789564744555,1360.0382154073554,33457.57643081471,28017.42356918529,29333.33333333333,0.0,1986834666.0,0.3396077163416868,25.351280990610903,0.0,-100
375,375,2019-07-15,28700,29350,28500,28600,42084,-1.9230769230769231,29040.0,30527.5,33543.333333333336,98.48484848484848,93.6860208009172,85.26284408228162,1349.0225506288864,33225.545101257776,27829.454898742228,28600.0,0.0,1203602400.0,0.3421272295154807,25.49141556713603,0.0,-100
376,376,2019-07-16,28600,29400,28600,29350,39292,2.555366269165247,29240.0,30360.0,33390.833333333336,100.37619699042408,96.67325428194994,87.898375302603,1270.7850868034725,32901.570173606946,27818.42982639305,28850.0,1133574200.0,0.0,0.4366182514610867,30.392085790155605,0.0,-100
377,377,2019-07-17,28950,29250,28350,28950,32841,-1.381692573402418,29160.0,30190.0,33215.833333333336,99.2798353909465,95.89267969526333,87.15722923304648,1216.8336823602144,32623.66736472043,27756.33263527957,28750.0,0.0,944178750.0,0.5032292411976325,33.47654685034642,0.0,-100
378,378,2019-07-18,28850,29150,28800,28900,23030,-0.1730103806228373,28990.0,30025.0,33031.666666666664,99.6895481200414,96.25312239800166,87.49180079721481,1151.9434379389163,32328.88687587784,27721.113124122166,28850.0,664415500.0,0.0,0.6450737388450978,39.21245130920169,0.0,-100
379,379,2019-07-19,28900,29400,28900,29200,22889,1.0273972602739725,29000.0,29835.0,32862.5,100.6896551724138,97.871627283392,88.85507797641688,926.808331970818,31688.61666394164,27981.383336058363,29000.0,663781000.0,0.0,0.6117096657296824,37.95408557364071,0.0,-100
380,380,2019-07-22,29200,29350,29050,29100,16293,-0.3436426116838488,29100.0,29707.5,32699.166666666668,100.0,97.9550618530674,88.99309360585131,834.8140353900469,31377.12807078009,28037.871929219906,29116.666666666668,474397850.0,0.0,0.5672393777630438,36.19353787375336,0.0,-100
381,381,2019-07-23,29100,29350,29000,29100,30864,0.0,29050.0,29597.5,32540.0,100.17211703958692,98.31911479010051,89.42839582052858,755.0662222613353,31107.63244452267,28087.36755547733,29066.666666666668,0.0,897113600.0,0.5709197646882243,36.343025119525,0.0,-100
382,382,2019-07-24,29250,29250,28650,28750,36350,-1.2173913043478262,29010.0,29467.5,32377.5,99.10375732506031,97.5651141087639,88.79623195120068,654.5940887700068,30776.68817754001,28158.311822459986,28883.33333333333,0.0,1049909166.0,0.6223227517685301,38.35998423187508,0.0,-100
383,383,2019-07-25,28750,28750,27450,27700,77419,-3.790613718411552,28770.0,29332.5,32194.166666666668,96.28084810566564,94.43450098014148,86.04043175523516,726.6134496850179,30785.726899370035,27879.273100629965,27966.666666666668,0.0,2165151366.0,0.4175463835211425,29.45557114568413,1.0,-100
384,384,2019-07-26,27250,27500,26950,27200,81152,-1.8382352941176472,28370.0,29192.5,31996.666666666668,95.8759252731759,93.17461676800548,85.00885508907177,850.4294580727426,30893.358916145484,27491.64108385452,27133.33333333333,0.0,2201924266.0,0.4065447665446478,28.90379149064524,1.0,-100
385,385,2019-07-29,27000,27200,26150,26200,70799,-3.816793893129771,27790.0,28967.5,31784.166666666668,94.27851745232095,90.44618969534824,82.43097978553263,1010.7676863599658,30989.035372719933,26945.964627280067,26450.0,0.0,1872633550.0,0.4484595966964381,30.96113952500012,1.0,-100
386,386,2019-07-30,26000,27300,26000,26250,71538,0.1904761904761904,27220.0,28762.5,31573.33333333333,96.4364437913299,91.264667535854,83.1397804054054,1124.9415189478234,31012.383037895648,26512.616962104352,26083.33333333333,0.0,1865949500.0,0.2508711349152711,20.05571380718318,1.0,-100
387,387,2019-07-31,26000,27700,26000,27150,91958,3.314917127071823,26900.0,28607.5,31386.666666666668,100.92936802973978,94.90518220746308,86.50169923534409,1122.7638595049857,30853.02771900997,26361.97228099003,26383.33333333333,2426158566.0,0.0,0.3779667836809766,27.42931020959084,0.0,-100
388,388,2019-08-01,26950,27250,26600,26700,75015,-1.6853932584269662,26700.0,28452.5,31194.166666666668,100.0,93.8406115455584,85.5929260278364,1162.7412030469902,30777.98240609398,26127.01759390602,26750.0,2006651250.0,0.0,0.6039917180851802,37.655538446683245,0.0,-100
389,389,2019-08-02,26000,28100,26000,27450,53252,2.73224043715847,26750.0,28325.0,31030.0,102.61682242990656,96.91085613415711,88.46277795681598,1123.258886595514,30571.51777319103,26078.48222680897,26483.33333333333,0.0,1410290466.0,0.5939299493945438,37.26198567384651,0.0,-100
390,390,2019-08-05,27150,27300,25200,25850,104341,-6.189555125725339,26680.0,28152.5,30859.166666666668,96.88905547226386,91.8213302548619,83.76765412762279,1225.8697234809958,30604.23944696199,25700.76055303801,26066.666666666668,0.0,2719822066.0,0.4122043635098164,29.188719009856754,0.0,-100
391,391,2019-08-06,24500,26150,24200,25000,94766,-3.4000000000000004,26430.0,27985.0,30685.0,94.58948164964056,89.33357155619082,81.47303242626691,1412.1745083753876,30809.349016750777,25160.650983249223,24566.666666666668,0.0,2328084733.0,0.3776542892953659,27.41284894402108,1.0,-100
392,392,2019-08-07,24300,25250,24300,24700,72665,-1.214574898785425,25940.0,27752.5,30508.33333333333,95.21973785659212,89.00099090172057,80.96148593280525,1551.5251410009118,30855.550282001823,24649.449717998177,24433.33333333333,0.0,1775448166.0,0.304653236424299,23.3512804719874,0.0,-100
393,393,2019-08-08,24650,25300,24650,25250,35224,2.178217821782178,25650.0,27527.5,30336.666666666668,98.44054580896686,91.726455362819,83.232611800901,1572.7511095629795,30673.00221912596,24381.99778087404,24850.0,875316400.0,0.0,0.3162211910714909,24.02492781734246,0.0,-100
394,394,2019-08-09,25250,25550,25050,25100,32002,-0.5976095617529881,25180.0,27325.0,30179.166666666668,99.68228752978554,91.8572735590119,83.16995720005522,1613.0634470505274,30551.126894101057,24098.873105898943,25133.33333333333,804316933.0,0.0,0.334263036499666,25.05225936383418,0.0,-100
395,395,2019-08-12,25450,25500,24850,25400,13133,1.1811023622047243,25090.0,27165.0,30044.166666666668,101.2355520127541,93.50266887539112,84.54220175852217,1638.4443841644438,30441.88876832889,23888.11123167111,25233.33333333333,331389366.0,0.0,0.3705649250263589,27.037385698399675,0.0,-100
396,396,2019-08-13,25400,25550,24800,25400,57379,0.0,25170.0,26967.5,29897.5,100.91378625347636,94.1874478538982,84.95693619867882,1598.7886039123507,30165.077207824703,23769.922792175297,25200.0,0.0,1445950800.0,0.3623131940768489,26.59544043558684,0.0,-100
397,397,2019-08-14,25400,25550,25200,25250,22209,-0.594059405940594,25280.0,26782.5,29767.5,99.88132911392404,94.27798002426958,84.82405307802134,1571.1439848252726,29924.787969650544,23640.212030349456,25283.33333333333,561517550.0,0.0,0.4484829466028379,30.9622524486516,0.0,-100
398,398,2019-08-16,24950,25150,24500,24800,35150,-1.8145161290322585,25190.0,26577.5,29627.5,98.45176657403732,93.31201204025962,83.70601636992659,1547.619139194138,29672.738278388275,23482.261721611725,24750.0,0.0,869962500.0,0.4902911919809987,32.89901964254848,0.0,-100
399,399,2019-08-19,24800,25950,24800,25850,40282,4.061895551257253,25340.0,26410.0,29509.166666666668,102.01262825572218,97.87959106399092,87.59989833667504,1425.2977528258896,29260.595505651778,23559.404494348222,25150.0,1013092300.0,0.0,0.6458408480596013,39.240783750204585,0.0,-100
400,400,2019-08-20,25950,26650,25750,26500,40171,2.4528301886792456,25560.0,26280.0,29422.5,103.67762128325508,100.8371385083714,90.06712549919278,1277.9918457857004,28835.9836915714,23724.0163084286,26066.666666666668,1047124066.0,0.0,0.8593313390787359,46.21722449450664,0.0,-100
401,401,2019-08-21,26650,27100,26200,26950,33010,1.6697588126159555,25870.0,26172.5,29341.666666666668,104.1747197526092,102.97067532715636,91.84890656063618,1107.329052982424,28387.15810596485,23957.84189403515,26600.0,878066000.0,0.0,0.7125865694182845,41.60879117838284,0.0,-100
402,402,2019-08-22,27000,27100,26600,26950,22825,0.0,26210.0,26082.5,29266.666666666668,102.82334986646318,103.3259848557462,92.08428246013666,948.5827378390984,27979.6654756782,24185.334524321803,26850.0,612851250.0,0.0,0.5804672992630027,36.72757415061254,0.0,-100
403,403,2019-08-23,26550,27100,26300,26650,33470,-1.125703564727955,26580.0,26030.0,29199.166666666668,100.26335590669676,102.38186707645023,91.2697280173521,880.9982376468446,27791.99647529369,24268.00352470631,26500.0,0.0,886955000.0,0.6107657592641889,37.91772675520441,0.0,-100
404,404,2019-08-26,26150,26450,25850,26250,32294,-1.5238095238095235,26660.0,25982.5,29112.5,98.46211552888222,101.02953911286444,90.167453842851,839.2156425715897,27660.93128514318,24304.06871485682,26083.33333333333,0.0,842335166.0,0.7514875424491659,42.90567441880488,0.0,-100
405,405,2019-08-27,26800,26800,25550,26150,43368,-0.3824091778202677,26590.0,25980.0,29006.666666666668,98.34524257239563,100.6543494996151,90.1516892668352,838.6078689678155,27657.215737935632,24302.784262064368,26166.666666666668,1134796000.0,0.0,1.24702014892892,55.4966162418852,0.0,-100
406,406,2019-08-28,26000,26850,25900,26700,32948,2.0599250936329585,26540.0,26002.5,28924.166666666668,100.60286360211002,102.68243438130948,92.31035178195856,852.1605667824294,27706.82113356486,24298.17886643514,26200.0,863237600.0,0.0,2.007737690641047,66.75241982997304,0.0,-100
407,407,2019-08-29,27000,27850,26600,27050,86092,1.2939001848428835,26560.0,25997.5,28845.83333333333,101.84487951807228,104.04846619867294,93.77437527083634,845.3393899556145,27688.178779911228,24306.82122008877,26883.33333333333,2314439933.0,0.0,2.363498172183164,70.26904880549037,0.0,-100
408,408,2019-08-30,27400,27400,26450,26900,48259,-0.5576208178438662,26610.0,26007.5,28766.666666666668,101.08981585869974,103.43170239354032,93.51100811123986,855.2123466687913,27717.924693337583,24297.075306662417,26916.666666666668,1298971416.0,0.0,2.485779903413145,71.31201545396377,0.0,-100
409,409,2019-09-02,27100,27100,26600,26900,14759,0.0,26740.0,25980.0,28683.33333333333,100.5983545250561,103.54118552732872,93.7826844857641,814.2481194328938,27608.496238865788,24351.50376113421,26866.666666666668,0.0,396525133.0,2.1892594061666126,68.64475815085962,0.0,-100
410,410,2019-09-03,27000,27100,26650,26650,14306,-0.9380863039399624,26840.0,26020.0,28591.666666666668,99.29210134128166,102.42121445042277,93.20897697464297,827.0747436471213,27674.14948729424,24365.85051270576,26766.666666666668,0.0,382923933.0,2.87805698351594,74.21389102195769,0.0,-100
411,411,2019-09-04,26400,26900,26250,26450,20375,-0.7561436672967864,26790.0,26092.5,28476.666666666668,98.73086972751028,101.37012551499474,92.88306215615124,795.9229994494666,27684.34599889893,24500.654001101066,26366.666666666668,0.0,537220833.0,2.33982628944043,70.05832299836334,0.0,-100
412,412,2019-09-05,26500,26600,25550,25550,117214,-3.522504892367906,26490.0,26135.0,28352.5,96.45149112872782,97.76162234551369,90.11551009611144,738.2589760981424,27611.517952196285,24658.482047803715,25866.666666666668,0.0,3031935466.0,1.5075248526840794,60.12003634063327,0.0,-100
413,413,2019-09-06,25600,25900,25550,25550,29965,0.0,26220.0,26150.0,28214.166666666668,97.44469870327994,97.7055449330784,90.55734412381486,722.2042282958645,27594.40845659173,24705.59154340827,25566.666666666668,0.0,766105166.0,1.1907488946592666,54.3535088645779,0.0,-100
414,414,2019-09-09,25850,25850,25400,25450,40704,-0.3929273084479371,25930.0,26167.5,28076.666666666668,98.14886232163516,97.25804910671634,90.64466342158374,699.2994614913623,27566.098922982725,24768.901077017275,25566.666666666668,0.0,1040665600.0,0.9007815843395104,47.39006268584598,0.0,-100
415,415,2019-09-10,25450,26100,25350,26000,40795,2.1153846153846154,25800.0,26197.5,27963.33333333333,100.7751937984496,99.24611127015936,92.97890094170938,677.1602857755192,27551.82057155104,24843.17942844896,25600.0,1044352000.0,0.0,0.9218713798662111,47.96738166371915,0.0,-100
416,416,2019-09-11,25800,26650,25700,26400,55872,1.5151515151515151,25790.0,26247.5,27858.33333333333,102.36525785188056,100.58100771502048,94.765180975172,651.6123726653218,27550.724745330645,24944.275254669355,25966.666666666668,1450809600.0,0.0,1.0281483380069547,50.69394179605758,0.0,-100
417,417,2019-09-16,26750,26800,26050,26800,23561,1.4925373134328357,26040.0,26325.0,27765.83333333333,102.91858678955452,101.80436847103512,96.52150424682614,618.0401962741017,27561.080392548203,25088.9196074518,26533.33333333333,625151866.0,0.0,1.2478020376095549,55.51209656062689,0.0,-100
418,418,2019-09-17,26850,27300,26450,27200,79588,1.4705882352941175,26370.0,26445.0,27682.5,103.1475161167994,102.85498203819247,98.25702158403324,533.5827267779509,27512.165453555903,25377.834546444097,26833.33333333333,2135611333.0,0.0,1.7655086410185776,63.84028655098741,0.0,-100
419,419,2019-09-18,27250,27600,26850,27050,42434,-0.5545286506469501,26690.0,26505.0,27583.33333333333,101.34881978269014,102.05621580833804,98.06646525679758,530.6153329663132,27566.230665932628,25443.76933406737,27050.0,1147839700.0,0.0,1.7676277154215712,63.86797276136983,0.0,-100
420,420,2019-09-19,27100,27450,27000,27000,22445,-0.1851851851851852,26890.0,26530.0,27505.83333333333,100.4090740052064,101.77157934413871,98.16099615233132,542.023499199264,27614.046998398528,25445.953001601472,27033.33333333333,0.0,606763166.0,1.481361948938864,59.6995512715248,0.0,-100
421,421,2019-09-20,27350,27350,26900,27000,18093,0.0,27010.0,26532.5,27434.166666666668,99.96297667530544,101.76199001224911,98.4174235290544,544.173685508592,27620.847371017186,25444.15262898281,27083.33333333333,490018750.0,0.0,1.2115625403686503,54.78310100905816,0.0,-100
422,422,2019-09-23,27050,27200,26200,26450,32402,-2.0793950850661624,26940.0,26507.5,27352.5,98.181143281366,99.78308026030368,96.70048441641532,535.3982777236753,27578.296555447352,25436.703444552648,26566.666666666668,0.0,860813133.0,0.9043455685056664,47.48852222316474,0.0,-100
423,423,2019-09-24,26200,27000,26000,26700,49987,0.9363295880149812,26840.0,26510.0,27290.83333333333,99.47839046199702,100.7167106752169,97.8350483984244,536.2148037768798,27582.42960755376,25437.57039244624,26300.0,0.0,1314658100.0,0.8071319895035116,44.66369884389361,0.0,-100
424,424,2019-09-25,26800,26850,26150,26200,33669,-1.9083969465648856,26670.0,26507.5,27227.5,98.23772028496438,98.83995095727624,96.22624185106967,537.6055587901872,27582.711117580373,25432.288882419627,26383.33333333333,888300450.0,0.0,0.9539016521480312,48.82035137742756,0.0,-100
425,425,2019-09-26,26500,26550,25350,25800,84519,-1.550387596899225,26430.0,26490.0,27145.83333333333,97.61634506242906,97.39524348810872,95.04221028396007,555.2619106995259,27600.52382139905,25379.476178600948,25883.33333333333,0.0,2187633450.0,0.7933960262454993,44.23986752700046,0.0,-100
426,426,2019-09-27,25900,25900,24700,24850,114728,-3.8229376257545273,26000.0,26397.5,27054.166666666668,95.57692307692308,94.1377024339426,91.85276451563222,662.2280971323877,27721.95619426477,25073.043805735226,25150.0,0.0,2885409200.0,0.805427984626466,44.61147115724503,1.0,0
427,427,2019-09-30,24950,25300,24650,25200,25820,1.3888888888888888,25750.0,26305.0,26970.0,97.86407766990293,95.7992777038586,93.43715239154616,694.6979654194325,27694.395930838866,24915.60406916113,24933.33333333333,0.0,643778666.0,0.8157558739964093,44.92651714247036,0.0,-100
428,428,2019-10-01,25300,25950,25150,25900,31806,2.702702702702702,25590.0,26255.0,26905.0,101.21141070730756,98.6478765949343,96.26463482624048,685.5462670094053,27626.09253401881,24883.90746598119,25450.0,809462700.0,0.0,1.0108824658999191,50.27058930803917,0.0,-100
429,429,2019-10-02,25600,26100,25350,25550,18905,-1.36986301369863,25460.0,26187.5,26830.83333333333,100.35349567949726,97.56563245823388,95.22626331645806,685.1574924597181,27557.81498491944,24817.18501508056,25500.0,482077500.0,0.0,0.9447251751543554,48.5788525404044,0.0,-100
430,430,2019-10-04,25400,25650,25150,25500,15862,-0.196078431372549,25400.0,26130.0,26767.5,100.39370078740156,97.58897818599311,95.2647800504343,692.5163877977369,27515.032775595475,24744.967224404525,25350.0,0.0,402101700.0,0.7390569554375194,42.49757048650453,0.0,-100
431,431,2019-10-07,25500,25500,24850,24900,61601,-2.409638554216868,25410.0,26052.5,26710.0,97.99291617473436,95.57624028404184,93.22351179333585,739.9279836934377,27532.35596738688,24572.644032613123,25083.33333333333,0.0,1545158416.0,0.5698956961777121,36.30150063888066,0.0,-100
432,432,2019-10-08,24550,25150,24550,24750,68503,-0.6060606060606061,25320.0,26012.5,26633.33333333333,97.74881516587678,95.14656415185009,92.92866082603256,788.5488003454957,27589.59760069099,24435.40239930901,24616.666666666668,0.0,1686315516.0,0.3146637354100429,23.93492167880477,0.0,-100
433,433,2019-10-10,24900,25300,24550,25250,26118,1.98019801980198,25190.0,25997.5,26558.33333333333,100.23818975784042,97.12472353110876,95.07373705679323,800.5713420328104,27598.64268406562,24396.35731593438,24900.0,650338200.0,0.0,0.2736584921308909,21.486017941359407,0.0,-100
434,434,2019-10-11,25400,25800,25000,25500,30530,0.9803921568627452,25180.0,26000.0,26497.5,101.2708498808578,98.07692307692308,96.23549391452023,798.8478545610839,27597.695709122167,24402.30429087784,25300.0,772409000.0,0.0,0.3550801150707694,26.203625241170727,0.0,-100
435,435,2019-10-14,25850,26200,25550,25550,22611,0.1956947162426614,25190.0,25977.5,26446.666666666668,101.42913854704248,98.35434510634202,96.60952861104109,805.160167132507,27587.820334265016,24367.179665734984,25650.0,579972150.0,0.0,0.3628845944025984,26.626215887462124,0.0,-100
436,436,2019-10-15,25850,26300,25600,25700,40736,0.5836575875486382,25350.0,25942.5,26385.83333333333,101.38067061143984,99.06524043557869,97.40075166598238,801.0314074925391,27544.56281498508,24340.43718501492,25716.666666666668,1047594133.0,0.0,0.4904010442947317,32.903965424071004,0.0,-100
437,437,2019-10-16,26000,26150,25700,26100,34102,1.532567049808429,25620.0,25907.5,26338.33333333333,101.87353629976582,100.74302808067162,99.09510852369804,776.50956546791,27460.51913093582,24354.48086906418,25933.33333333333,884378533.0,0.0,0.6539329506548773,39.53805687201235,0.0,-100
438,438,2019-10-17,26000,26250,25900,25950,20624,-0.5780346820809248,25760.0,25845.0,26289.166666666668,100.73757763975156,100.4062681369704,98.70986147652708,714.8610464904898,27274.72209298098,24415.27790701902,25950.0,535192800.0,0.0,0.6161690298327215,38.12528383225465,0.0,-100
439,439,2019-10-18,25950,26250,25850,26150,46283,0.7648183556405354,25890.0,25800.0,26238.33333333333,101.00424874468908,101.35658914728684,99.66334243790892,661.3383559515024,27122.676711903005,24477.323288096995,25983.33333333333,1202586616.0,0.0,0.9722520691831448,49.29654197730547,0.0,-100
440,440,2019-10-21,26150,26350,25750,25800,22681,-1.3565891472868217,25940.0,25740.0,26183.33333333333,99.46029298380878,100.23310023310025,98.53596435391472,598.1550582283952,26936.31011645679,24543.68988354321,25900.0,0.0,587437900.0,1.431512662527091,58.87333776165937,0.0,-100
441,441,2019-10-22,26100,26400,25700,26100,40502,1.1494252873563218,26020.0,25695.0,26133.33333333333,100.30745580322828,101.57618213660244,99.87244897959184,528.1297687420994,26751.2595374842,24638.7404625158,25966.666666666668,1051701933.0,0.0,1.8990021008537248,65.50537166890942,0.0,-100
442,442,2019-10-23,26100,26300,25850,25950,25546,-0.5780346820809248,25990.0,25670.0,26086.666666666668,99.84609465178916,101.09076743280094,99.47610529005875,501.6813834759271,26673.362766951854,24666.637233048143,25966.666666666668,0.0,663344466.0,1.4753731949932307,59.60205103526886,0.0,-100
443,443,2019-10-24,25950,26150,25250,25700,29409,-0.9727626459143968,25940.0,25620.0,26053.33333333333,99.07478797224364,100.31225604996096,98.64380757420676,439.6170582390329,26499.234116478063,24740.765883521934,25633.33333333333,0.0,753850700.0,1.192608100403452,54.39221446751042,0.0,-100
444,444,2019-10-25,25700,25900,25550,25800,14849,0.3875968992248062,25870.0,25600.0,26030.0,99.72941631233088,100.78125,99.11640414905878,420.5259864302827,26441.051972860565,24758.948027139435,25683.33333333333,381371816.0,0.0,1.3570282623548482,57.57369497975706,0.0,-100
445,445,2019-10-28,25800,26100,25600,25900,43852,0.3861003861003861,25890.0,25605.0,26025.0,100.0386249517188,101.15211872681118,99.51969260326608,423.612285493536,26452.22457098708,24757.775429012927,25766.666666666668,1129919866.0,0.0,2.2312597599334425,69.05231784829957,0.0,-100
446,446,2019-10-29,25900,26100,25600,25650,25508,-0.9746588693957114,25800.0,25645.0,26015.0,99.4186046511628,100.01949697796842,98.59696329040938,384.5366316134732,26414.073263226943,24875.926736773054,25716.666666666668,0.0,655980733.0,3.095325240399537,75.58191495671194,0.0,-100
447,447,2019-10-30,25700,25950,25650,25850,18963,0.7736943907156674,25780.0,25677.5,25993.33333333333,100.27152831652444,100.6717943725051,99.44857655809184,372.2177489475527,26421.935497895105,24933.06450210489,25733.33333333333,487981200.0,0.0,3.0343028552412616,75.21256990657442,0.0,-100
448,448,2019-10-31,25850,26150,25600,25650,48292,-0.7797270955165692,25770.0,25665.0,25975.83333333333,99.53434225844003,99.9415546464056,98.74562894998556,368.5319382003256,26402.06387640065,24927.93612359935,25700.0,0.0,1241104400.0,1.871149753683172,65.17074740817058,0.0,-100
449,449,2019-11-01,25650,25950,25500,25600,19560,-0.1953125,25730.0,25667.5,25945.0,99.49475320637389,99.73702152527515,98.6702640200424,367.8797715501545,26403.25954310031,24931.74045689969,25583.33333333333,0.0,500410000.0,1.526699494695929,60.42267780164561,0.0,-100
450,450,2019-11-04,25800,26150,25750,26100,47841,1.9157088122605364,25770.0,25697.5,25949.166666666668,101.28055878928988,101.56630022375715,100.58126465204408,377.8314160407692,26453.16283208154,24941.83716791846,25883.33333333333,1238284550.0,0.0,1.5700172738199714,61.089755692044825,0.0,-100
451,451,2019-11-05,26200,27100,26100,27000,107275,3.333333333333333,26040.0,25802.5,25982.5,103.68663594470048,104.64102315667088,103.91609737323198,432.3969302194018,26667.293860438804,24937.7061395612,26433.33333333333,2835635833.0,0.0,2.013270448601036,66.81346672801084,1.0,0
452,452,2019-11-06,27500,28550,27350,27500,166049,1.818181818181818,26370.0,25940.0,26029.166666666668,104.2851725445582,106.01387818041634,105.65071234192412,510.31466041216487,26960.62932082433,24919.37067917567,27450.0,4558045050.0,0.0,2.927113042034331,74.5360016557614,1.0,-100
453,453,2019-11-07,27900,28050,26800,27050,85948,-1.6635859519408502,26650.0,26030.0,26059.166666666668,101.50093808630392,103.91855551286976,103.80224489143296,540.0779670809762,27110.15593416196,24949.84406583805,27250.0,0.0,2342083000.0,1.7322915761790336,63.40068502504233,0.0,-100
454,454,2019-11-08,27100,28200,27050,27550,79522,1.8148820326678767,27040.0,26132.5,26100.0,101.8860946745562,105.42428011097292,105.55555555555556,622.4474190433183,27377.394838086635,24887.605161913365,27233.33333333333,0.0,2165649133.0,1.4037908245415054,58.39904247114604,1.0,-100
455,455,2019-11-11,27800,27850,26750,26800,55969,-2.798507462686567,27180.0,26195.0,26123.33333333333,98.6019131714496,102.30960106890628,102.59027689166771,623.6353522945784,27442.27070458916,24947.72929541084,27116.666666666668,0.0,1517692716.0,1.0803977550161896,51.932268837109085,0.0,-100
456,456,2019-11-12,26650,26950,26600,26800,37587,0.0,27140.0,26250.0,26146.666666666668,98.74723655121592,102.0952380952381,102.49872514023455,626.1830907633156,27502.36618152663,24997.63381847337,26683.33333333333,0.0,1002946450.0,1.0443549832618275,51.08481608196679,0.0,-100
457,457,2019-11-13,26850,27000,26100,26900,74774,0.3717472118959107,27020.0,26290.0,26174.166666666668,99.5558845299778,102.32027386839104,102.77309051545735,641.4621455787787,27572.92429115756,25007.075708842443,26616.666666666668,0.0,1990234633.0,0.9312494917896034,48.220051098973016,0.0,-100
458,458,2019-11-14,26750,26900,26150,26250,43252,-2.4761904761904763,26860.0,26305.0,26198.33333333333,97.728965003723,99.7909142748527,100.19721356320376,636.5821566029534,27578.164313205907,25031.835686794093,26383.33333333333,0.0,1141131933.0,0.8162519960115818,44.94156085191037,0.0,-100
459,459,2019-11-15,26300,26650,26200,26500,55730,0.9433962264150944,26650.0,26322.5,26209.166666666668,99.43714821763602,100.67432804634817,101.10966264983624,636.9076195096724,27596.315239019343,25048.684760980654,26333.33333333333,0.0,1467556666.0,0.6502733268371104,39.403977284382016,0.0,-100
460,460,2019-11-18,26650,27350,26450,27350,63126,3.107861060329068,26760.0,26400.0,26223.33333333333,102.20478325859492,103.59848484848484,104.29642811745263,663.7215649573831,27727.443129914765,25072.556870085235,26816.666666666668,1692828900.0,0.0,0.808806198727772,44.71491745752794,0.0,-100
461,461,2019-11-19,27200,27350,26650,26950,54612,-1.4842300556586272,26790.0,26442.5,26223.33333333333,100.59723777528929,101.91925876902714,102.77106902249906,670.6781720962147,27783.85634419243,25101.14365580757,26933.33333333333,1470883200.0,0.0,0.8823282308753643,46.87430260051104,0.0,-100
462,462,2019-11-20,26950,26950,26100,26250,62518,-2.666666666666667,26660.0,26457.5,26211.666666666668,98.46211552888222,99.21572332986864,100.14624531061231,662.3870310833179,27782.274062166634,25132.72593783337,26433.33333333333,0.0,1652559133.0,0.8559834427417673,46.12020899697567,0.0,-100
463,463,2019-11-21,26250,26350,25150,25400,79520,-3.346456692913386,26490.0,26442.5,26190.83333333333,95.88523971309928,96.05748321830386,96.9804957205129,683.5039367691683,27809.507873538336,25075.492126461664,25600.0,0.0,2035712000.0,0.770175767045048,43.5084346641295,0.0,-100
464,464,2019-11-22,25400,25550,25100,25100,60385,-1.195219123505976,26210.0,26407.5,26171.666666666668,95.76497520030524,95.04875508851651,95.90524103674456,734.1796352679016,27875.8592705358,24939.1407294642,25200.0,0.0,1521702000.0,0.6270253103817379,38.53814113282744,0.0,-100
465,465,2019-11-25,25150,25400,25100,25250,39719,0.594059405940594,25790.0,26375.0,26156.666666666668,97.90616518030244,95.73459715639812,96.533707149229,771.2771363476526,27917.554272695303,24832.445727304694,25166.666666666668,0.0,999594833.0,0.4329100564238094,30.211949067078663,0.0,-100
466,466,2019-11-26,25250,25400,25050,25350,74857,0.3944773175542406,25470.0,26360.0,26134.166666666668,99.52885747938753,96.16843702579666,96.9994579254488,788.8365850382072,27937.67317007641,24782.326829923582,25216.666666666668,1887644016.0,0.0,0.2831975700238532,22.069677860953945,0.0,-100
467,467,2019-11-27,25350,25350,24900,25150,68053,-0.7952286282306162,25250.0,26325.0,26102.5,99.6039603960396,95.53656220322888,96.35092424097309,827.2497236404263,27979.49944728085,24670.500552719142,25133.33333333333,0.0,1710398733.0,0.2935951054079839,22.6960587729951,0.0,-100
468,468,2019-11-28,25150,25150,24850,24900,39437,-1.0040160642570282,25150.0,26287.5,26069.166666666668,99.00596421471172,94.72182596291012,95.51513601636672,875.0751847397869,28037.650369479576,24537.349630520424,24966.666666666668,0.0,984610433.0,0.3152341569756663,23.967911364204213,0.0,-100
469,469,2019-11-29,25100,25100,24800,24850,30813,-0.2012072434607646,25100.0,26250.0,26035.0,99.00398406374502,94.66666666666669,95.44843479930864,920.9548820310612,28091.90976406212,24408.09023593788,24916.666666666668,0.0,767757250.0,0.3307115771685686,24.85223566418821,0.0,-100
470,470,2019-12-02,24800,25250,24800,25200,20182,1.3888888888888888,25090.0,26205.0,26010.83333333333,100.438421681945,96.1648540354894,96.88270912760709,950.1938860320222,28105.387772064045,24304.612227935955,24933.33333333333,503204533.0,0.0,0.389213116267414,28.01680402450889,0.0,-100
471,471,2019-12-03,25200,25200,24550,25000,51910,-0.8,25020.0,26105.0,25986.666666666668,99.92006394884092,95.7670944263551,96.20318111852232,967.212489580239,28039.42497916048,24170.57502083952,24916.666666666668,0.0,1293424166.0,0.4091924031121648,29.03736936194619,0.0,-100
472,472,2019-12-04,24900,25000,24550,24700,27893,-1.214574898785425,24930.0,25965.0,25972.5,99.07741676694744,95.12805699980744,95.10058715949562,957.2575960853806,27879.51519217076,24050.48480782924,24716.666666666668,0.0,689421983.0,0.4232775956429145,29.739637365099824,0.0,-100
473,473,2019-12-05,24700,24900,24000,24050,49468,-2.702702702702702,24760.0,25815.0,25947.5,97.13247172859452,93.16288979275616,92.68715675883996,1011.7858104934036,27838.571620986808,23791.428379013192,24250.0,0.0,1199599000.0,0.4321008100998446,30.17251348874798,0.0,-100
474,474,2019-12-06,24250,24500,23800,23950,62843,-0.417536534446764,24580.0,25635.0,25922.5,97.43694060211554,93.4269553345036,92.39078021024208,1007.093263856564,27649.18652771313,23620.81347228687,24000.0,0.0,1508232000.0,0.2688664379796076,21.18949874722186,0.0,-100
475,475,2019-12-09,24000,24400,23850,24000,44927,0.2083333333333333,24340.0,25495.0,25889.166666666668,98.60312243221036,94.13610511865072,92.7028679949786,1030.955101375727,27556.910202751453,23433.089797248547,23950.0,0.0,1076001650.0,0.1548576013875222,13.409237745109536,0.0,-100
476,476,2019-12-10,23850,24050,23800,23850,16846,-0.628930817610063,24110.0,25347.5,25846.666666666668,98.92160929075072,94.092119538416,92.2749548620067,1045.3499791683992,27438.1999583368,23256.8000416632,23833.33333333333,0.0,401496333.0,0.1685126099821817,14.421120366407637,0.0,-100
477,477,2019-12-11,23900,24050,23700,23900,50757,0.209205020920502,23950.0,25197.5,25798.33333333333,99.79123173277662,94.85067963091576,92.64164351702308,1025.9110200463954,27249.32204009279,23145.67795990721,23833.33333333333,0.0,1209708500.0,0.178929655258521,15.177297004992582,0.0,-100
478,478,2019-12-12,24050,24050,23100,23350,232747,-2.355460385438972,23810.0,25052.5,25734.166666666668,98.0680386392272,93.20427103083524,90.73540364625498,1073.1747049611376,27198.84940992228,22906.150590077727,23500.0,0.0,5469554500.0,0.138121101023522,12.135887903256377,0.0,-100
479,479,2019-12-13,23000,24700,23000,24650,168307,5.273833671399594,23950.0,24960.0,25694.166666666668,102.92275574112736,98.75801282051282,95.9361722829436,1020.2682825713324,27000.536565142665,22919.46343485733,23550.0,3963629850.0,0.0,0.3896013922019882,28.03691723312241,0.0,-100
480,480,2019-12-16,24650,24650,24150,24200,29562,-1.859504132231405,23990.0,24802.5,25647.5,100.87536473530638,97.5708093942143,94.3561750657959,862.9013177707691,26528.30263554154,23076.69736445846,24333.33333333333,719342000.0,0.0,0.3179712656415423,24.125811687310573,0.0,-100
481,481,2019-12-17,24100,24950,24100,24800,59161,2.419354838709677,24180.0,24695.0,25610.83333333333,102.56410256410255,100.42518728487548,96.8340220609768,699.7932025361443,26094.58640507229,23295.41359492771,24333.33333333333,0.0,1439584333.0,0.3233399982883189,24.4336299595376,0.0,-100
482,482,2019-12-18,25000,25150,24700,24850,26632,0.2012072434607646,24370.0,24625.0,25584.166666666668,101.9696347968814,100.91370558375634,97.13038663235724,598.7926448938323,25822.585289787665,23427.41471021233,24850.0,661805200.0,0.0,0.3884468383933441,27.97707680640042,0.0,-100
483,483,2019-12-19,25000,25450,24900,24950,37054,0.4008016032064128,24690.0,24602.5,25555.0,101.0530579181855,101.4124580835281,97.632557229505,576.165866103817,25754.83173220764,23450.168267792367,24950.0,924497300.0,0.0,0.474030113663715,32.158780832876545,0.0,-100
484,484,2019-12-20,25000,25100,24700,24900,23182,-0.2008032128514056,24740.0,24592.5,25533.33333333333,100.64672594987871,101.25038121378468,97.5195822454308,568.7648205125166,25730.02964102504,23454.97035897497,24866.666666666668,0.0,576459066.0,0.4217904356341074,29.6661466460064,0.0,-100
485,485,2019-12-23,25050,25200,24850,25050,31118,0.5988023952095809,24910.0,24582.5,25520.83333333333,100.56202328382176,101.90175938167395,98.15510204081632,558.2573920598611,25699.01478411972,23465.98521588028,24983.33333333333,777431366.0,0.0,0.5192834139504022,34.17949601649205,0.0,-100
486,486,2019-12-24,25000,25350,25000,25200,34176,0.5952380952380952,24990.0,24575.0,25526.666666666668,100.84033613445378,102.54323499491352,98.72029250457038,548.3228015839263,25671.645603167854,23478.354396832143,25066.666666666668,856678400.0,0.0,0.6135865104173788,38.0262543381492,0.0,-100
487,487,2019-12-26,25350,25750,25300,25750,58296,2.135922330097088,25170.0,24605.0,25535.83333333333,102.30433055224472,104.6535257061573,100.83869072871455,595.7966802614211,25796.59336052284,23413.40663947716,25466.666666666668,1484604800.0,0.0,0.8036948613965887,44.55824976816163,0.0,-100
488,488,2019-12-27,25200,25400,24700,24900,61484,-3.413654618473896,25160.0,24605.0,25519.166666666668,98.96661367249602,101.19894330420648,97.57371910002284,595.7966802614211,25796.59336052284,23413.40663947716,24933.33333333333,0.0,1533001066.0,0.801994271791352,44.50592792362731,0.0,-100
489,489,2019-12-30,24700,25100,24700,24950,19316,0.2004008016032064,25170.0,24610.0,25509.166666666668,99.1259435836313,101.38155221454691,97.80797752441931,598.374992441154,25806.749984882303,23413.250015117694,24783.33333333333,0.0,478714866.0,0.8451161851511474,45.80287094939322,0.0,-100
490,490,2020-01-02,25000,25150,24700,24800,31631,-0.6048387096774194,25120.0,24590.0,25497.5,98.72611464968152,100.85400569337128,97.2644376899696,584.1322849456219,25758.26456989125,23421.735430108754,24833.33333333333,785503166.0,0.0,0.9501700629263402,48.72242072573693,0.0,-100
491,491,2020-01-03,25000,25150,24800,25000,34409,0.8,25080.0,24590.0,25499.166666666668,99.68102073365232,101.667344448963,98.04241968691788,584.1322849456219,25758.26456989125,23421.735430108754,24933.33333333333,857931066.0,0.0,1.161530864863341,53.73649221228107,0.0,-100
492,492,2020-01-06,24900,24900,24400,24650,48632,-1.4198782961460443,24860.0,24587.5,25497.5,99.1552695092518,100.25419420437214,96.6761447200706,583.7435900696231,25754.987180139247,23420.01281986076,24650.0,0.0,1198778800.0,2.1106558244681444,67.85243831432304,0.0,-100
493,493,2020-01-07,24650,24850,24550,24700,20866,0.2024291497975708,24820.0,24620.0,25488.33333333333,99.51651893634164,100.32493907392364,96.90708167135293,570.1800269720945,25760.36005394419,23479.63994605581,24633.33333333333,0.0,513999133.0,1.231207633181562,55.18122181331628,0.0,-100
494,494,2020-01-08,24700,24700,23600,23800,80828,-3.7815126050420167,24590.0,24612.5,25460.0,96.78731191541276,96.69883189436264,93.47996857816182,580.3526604800908,25773.20532096018,23451.79467903982,24033.33333333333,0.0,1942566266.0,0.8262873555212915,45.24410427653855,0.0,-100
495,495,2020-01-09,24050,24350,23650,23750,51031,-0.2105263157894736,24380.0,24600.0,25430.0,97.41591468416736,96.54471544715447,93.3936295713724,596.70145934039,25793.40291868078,23406.59708131922,23816.666666666668,0.0,1215388316.0,0.8511234771225403,45.9787522356726,0.0,-100
496,496,2020-01-10,24000,24300,23700,23800,42669,0.2100840336134453,24140.0,24597.5,25398.33333333333,98.59154929577466,96.7578005894908,93.70693615066604,600.1041576259939,25797.708315251988,23397.29168474801,23833.33333333333,1016944500.0,0.0,0.8987362541118024,47.33339094176702,0.0,-100
497,497,2020-01-13,23900,24450,23900,24200,51990,1.6528925619834711,24050.0,24612.5,25366.666666666668,100.62370062370064,98.32402234636872,95.40078843626809,585.3193010746613,25783.138602149324,23441.86139785068,24000.0,1247760000.0,0.0,0.9420754025643864,48.50869339678758,0.0,-100
498,498,2020-01-14,24250,24550,24050,24100,44667,-0.4149377593360996,23930.0,24650.0,25335.83333333333,100.7104053489344,97.7687626774848,95.12219188895833,520.6271521722153,25691.25430434443,23608.74569565557,24133.33333333333,1077963600.0,0.0,1.1776066265389638,54.07802365161901,0.0,-100
499,499,2020-01-15,24100,24300,24050,24050,34386,-0.2079002079002079,23980.0,24620.0,25300.83333333333,100.29190992493744,97.68480909829408,95.0561575705675,537.6361516666742,25695.27230333335,23544.72769666665,24066.666666666668,0.0,827556400.0,0.9503736608999824,48.727773551937794,0.0,-100
500,500,2020-01-16,24150,24300,23850,24250,37534,0.8247422680412372,24080.0,24622.5,25275.0,100.70598006644518,98.48715605645243,95.94460929772502,535.6931073508056,25693.88621470161,23551.11378529839,24083.33333333333,903943833.0,0.0,0.9565040634014014,48.88842713357363,0.0,-100
501,501,2020-01-17,24350,24350,24200,24200,13644,-0.2066115702479339,24160.0,24592.5,25243.33333333333,100.16556291390728,98.40398495476263,95.8668955499802,541.9931539672547,25676.48630793451,23508.51369206549,24250.0,330867000.0,0.0,0.8068624194731326,44.65544309169968,0.0,-100
502,502,2020-01-20,24300,26100,24200,25250,374654,4.158415841584159,24370.0,24612.5,25231.666666666668,103.61099712761592,102.59014728288471,100.0726600171742,559.105253248912,25730.710506497824,23494.289493502176,24583.33333333333,9210244166.0,0.0,2.4981621961225087,71.41356106619537,0.0,-100
503,503,2020-01-21,25550,25700,24350,24350,186491,-3.696098562628337,24420.0,24582.5,25209.166666666668,99.71334971334971,99.05420522729584,96.59184820336516,556.1320838945061,25694.764167789013,23470.235832210987,24750.0,4615652250.0,0.0,3.518040218745209,77.86650955759467,0.0,-100
504,504,2020-01-22,24850,25850,24650,25250,207884,3.564356435643564,24660.0,24600.0,25200.0,102.39253852392538,102.64227642276424,100.1984126984127,571.9311699478344,25743.86233989567,23456.13766010433,24916.666666666668,5179776333.0,0.0,4.289196829536327,81.09353778600703,0.0,-100
505,505,2020-01-23,26000,26250,25100,25650,231406,1.5594541910331383,24940.0,24630.0,25195.83333333333,102.8468323977546,104.14129110840436,101.80254671738052,611.1679930996695,25852.335986199338,23407.664013800662,25583.33333333333,5920136833.0,0.0,5.17756978543795,83.81240463916336,0.0,-100
506,506,2020-01-28,26550,27600,25400,26000,550393,1.3461538461538465,25300.0,24670.0,25201.666666666668,102.76679841897234,105.3911633563032,103.16777990873618,673.4436248042427,26016.887249608484,23323.11275039152,25983.33333333333,14301044783.0,0.0,9.735356111761956,90.68498529914278,0.0,-100
507,507,2020-01-29,25800,25800,25100,25150,178110,-3.37972166998012,25280.0,24640.0,25190.0,99.48575949367088,102.0698051948052,99.8412068281064,635.0714837509933,25910.142967501983,23369.857032498014,25350.0,0.0,4515088500.0,5.153087542914541,83.74799654603437,0.0,-100
508,508,2020-01-30,25300,25500,24750,25200,133614,0.1984126984126984,25450.0,24655.0,25182.5,99.01768172888016,102.2105049685662,100.06949270326616,645.0010199910366,25945.00203998207,23364.99796001793,25083.33333333333,0.0,3351484500.0,4.420430393627846,81.55128048179384,0.0,-100
509,509,2020-01-31,25500,25550,23550,23650,176730,-6.553911205073996,25130.0,24590.0,25150.0,94.11062475129329,96.177307848719,94.03578528827038,678.3493898698856,25946.69877973977,23233.30122026023,24233.33333333333,0.0,4282757000.0,3.3755657518894515,77.14581252565611,0.0,-100
510,510,2020-02-03,23600,23850,22950,23850,93864,0.8385744234800839,24770.0,24542.5,25112.5,96.2858296326201,97.17836406234083,94.9726231956197,695.904371833405,25934.30874366681,23150.69125633319,23466.666666666668,0.0,2202675200.0,2.8187499695643385,73.81342041322269,0.0,-100
511,511,2020-02-04,23800,24050,23550,23700,69359,-0.6329113924050633,24310.0,24477.5,25057.5,97.49074454956808,96.82361352262282,94.5824603412152,711.4616163778278,25900.423232755656,23054.576767244344,23683.33333333333,1642652316.0,0.0,2.844764707433975,73.99060602937631,0.0,-100
512,512,2020-02-05,23900,24250,23600,24200,59256,2.066115702479339,24120.0,24455.0,25002.5,100.33167495854065,98.95726845225926,96.7903209679032,712.8334861293853,25880.66697225877,23029.333027741228,23900.0,1416218400.0,0.0,2.867048275886966,74.14048316294591,0.0,-100
513,513,2020-02-06,24300,25250,24250,25200,135111,3.968253968253968,24120.0,24480.0,24971.666666666668,104.4776119402985,102.94117647058825,100.91436961890142,730.4288574457323,25940.857714891463,23019.142285108537,24583.33333333333,3321478750.0,0.0,3.2637958258264845,76.54671938222646,0.0,-100
514,514,2020-02-07,25150,25450,24700,25350,65897,0.591715976331361,24460.0,24557.5,24935.0,103.6385936222404,103.22712002443248,101.6643272508522,736.6844286181331,26030.868857236263,23084.131142763734,25066.666666666668,1651818133.0,0.0,3.315905220268454,76.82988969952869,0.0,-100
515,515,2020-02-10,25150,25300,24800,25300,33152,-0.1976284584980237,24750.0,24635.0,24910.0,102.2222222222222,102.69941140653542,101.56563629064632,728.7516362715252,26092.50327254305,23177.49672745695,25083.33333333333,831562666.0,0.0,3.350792029395308,77.01567913971323,0.0,-100
516,516,2020-02-11,25300,25350,24800,25250,60409,-0.198019801980198,25060.0,24707.5,24884.166666666668,100.75818036711892,102.19568956794495,101.47014500519072,713.2717427091674,26134.043485418333,23280.956514581667,25116.666666666668,1517272716.0,0.0,2.8147713589178465,73.78610915534202,0.0,-100
517,517,2020-02-12,25250,25250,24700,25100,53885,-0.5976095617529881,25240.0,24752.5,24854.166666666668,99.44532488114103,101.4038985961014,100.98910310142496,707.9390027247769,26168.378005449555,23336.621994550445,25016.666666666668,0.0,1348023083.0,2.279101685997899,69.5038429497291,0.0,-100
518,518,2020-02-13,25000,25150,24750,24850,55425,-1.0060362173038229,25170.0,24790.0,24830.83333333333,98.72864521255464,100.24203307785396,100.07718897875624,691.2231721262061,26172.44634425241,23407.553655747583,24866.666666666668,0.0,1378235000.0,1.7918791911038137,64.1818312487714,0.0,-100
519,519,2020-02-14,24950,25650,24900,25350,65309,1.9723865877712032,25170.0,24855.0,24811.666666666668,100.71513706793802,101.9915509957755,102.16967824276212,678.9891867986397,26212.97837359728,23497.02162640272,25066.666666666668,1637078933.0,0.0,1.5410891763917538,60.64679629150361,0.0,-100
520,520,2020-02-17,25550,26000,25050,25900,113166,2.123552123552124,25290.0,24937.5,24787.5,102.41202056148676,103.859649122807,104.48814926878468,701.478701331022,26340.457402662043,23534.54259733796,25500.0,2885733000.0,0.0,0.8726774301948791,46.60052052339118,0.0,-100
521,521,2020-02-18,25950,26200,25500,25500,62889,-1.568627450980392,25340.0,25002.5,24763.33333333333,100.63141278610892,101.989801019898,102.97482837528604,689.6747898752558,26381.84957975052,23623.150420249487,25650.0,1613102850.0,0.0,1.3147089051367853,56.79802338078853,0.0,-100
522,522,2020-02-19,25500,25950,25300,25500,36654,0.0,25420.0,25015.0,24750.83333333333,100.3147128245476,101.9388366979812,103.02683411332951,696.6272128507578,26408.254425701514,23621.74557429849,25433.33333333333,0.0,932233400.0,1.628257297684561,61.95197475981599,0.0,-100
523,523,2020-02-20,25600,25850,25000,25000,60461,-2.0,25450.0,25047.5,24744.166666666668,98.23182711198427,99.81036031540074,101.03391371703768,678.9068225347386,26405.31364506948,23689.686354930524,25200.0,0.0,1523617200.0,2.236614913270848,69.10352245181299,0.0,-100
524,524,2020-02-21,25200,25200,24100,24200,84580,-3.3057851239669422,25220.0,24995.0,24729.166666666668,95.95559080095164,96.81936387277456,97.86015164279696,702.6079239069587,26400.21584781392,23589.784152186083,24500.0,0.0,2072210000.0,2.276839285087691,69.4827877415038,0.0,-100
525,525,2020-02-24,24150,24700,23850,23900,123243,-1.2552301255230125,24820.0,24907.5,24706.666666666668,96.29331184528606,95.95503362441032,96.73502428494332,725.3447456210079,26358.189491242018,23456.810508757982,23966.666666666668,0.0,2953723900.0,1.457112402016319,59.30182114666815,0.0,-100
526,526,2020-02-25,23700,24300,23650,24250,44379,1.443298969072165,24570.0,24820.0,24688.33333333333,98.69759869759868,97.70346494762288,98.22453250523188,691.3754406977474,26202.750881395496,23437.249118604504,23866.666666666668,0.0,1059178800.0,1.1944424086940832,54.4303374726019,0.0,-100
527,527,2020-02-26,23950,24300,23850,24100,44616,-0.6224066390041494,24290.0,24767.5,24670.83333333333,99.21778509674763,97.30493590390633,97.68620165512584,704.7349259043987,26176.9698518088,23358.030148191203,23966.666666666668,1069296800.0,0.0,0.9945544440004904,49.86348941198648,0.0,-100
528,528,2020-02-27,24100,24300,23700,23700,67265,-1.6877637130801686,24030.0,24692.5,24650.83333333333,98.62671660424468,95.98056089905842,96.1427943612454,735.4330983204848,26163.36619664097,23221.63380335903,23833.33333333333,0.0,1603149166.0,0.7423288186323687,42.60555244761753,0.0,-100
529,529,2020-02-28,23400,23500,22450,22700,71926,-4.405286343612335,23730.0,24645.0,24615.0,95.65950273914876,92.10793264353823,92.22019094048343,830.8049362547551,26306.60987250951,22983.39012749049,22850.0,0.0,1643509100.0,0.600975377358939,37.53807746564738,1.0,1
530,530,2020-03-02,22850,23250,22500,22900,31541,0.8733624454148471,23530.0,24597.5,24576.666666666668,97.3225669358266,93.0988921638378,93.17781093177813,902.6969824394384,26402.89396487888,22792.106035121124,22750.0,0.0,717557750.0,0.4730486948968486,32.11358161720338,0.0,-100
531,531,2020-03-03,23300,23400,23050,23050,39575,0.6507592190889371,23290.0,24565.0,24544.166666666668,98.96951481322456,93.8326887848565,93.91233490646114,947.3092086758736,26459.618417351747,22670.381582648253,23133.33333333333,915501666.0,0.0,0.5849219121582542,36.90540888299927,0.0,-100
532,532,2020-03-04,22900,23600,22850,23550,28400,2.123142250530785,23180.0,24532.5,24525.0,101.59620362381364,95.99510852950168,96.02446483180428,971.3358950706166,26475.17179014124,22589.82820985877,23100.0,0.0,656040000.0,0.6170183061327538,38.15778113288087,0.0,-100
533,533,2020-03-05,23750,24250,23700,24050,50446,2.079002079002079,23250.0,24475.0,24525.0,103.44086021505376,98.2635342185904,98.06320081549438,963.7508959651808,26402.50179193036,22547.49820806964,23833.33333333333,1202296333.0,0.0,0.5839831754536807,36.868016308722325,0.0,-100
534,534,2020-03-06,23950,24450,23900,24100,38059,0.2074688796680498,23530.0,24412.5,24527.5,102.42243943901404,98.7199180747568,98.25705840383245,944.3565060538948,26301.21301210779,22523.78698789221,23983.33333333333,912781683.0,0.0,0.4340767519203006,30.268725250517463,0.0,-100
535,535,2020-03-09,23950,24050,23400,23400,67066,-2.9914529914529915,23630.0,24317.5,24517.5,99.02666102412188,96.226997018608,95.4420312022025,945.9435556767222,26209.387111353444,22425.61288864656,23583.33333333333,0.0,1581639833.0,0.2780923591933043,21.75839306079792,0.0,-100
536,536,2020-03-10,22650,23500,22650,23350,85222,-0.2141327623126338,23690.0,24222.5,24509.166666666668,98.56479527226678,96.39797708741872,95.27047703240284,942.7667848022226,26108.03356960445,22336.966430395554,22883.33333333333,0.0,1950163433.0,0.2601314207465173,20.64319772237822,0.0,-100
537,537,2020-03-11,23750,23750,22150,22600,70923,-3.3185840707964607,23500.0,24097.5,24487.5,96.17021276595746,93.7856624131134,92.29198570699336,985.0828177847492,26067.665635569498,22127.334364430502,22833.33333333333,0.0,1619408500.0,0.2585599389889944,20.54411005618823,0.0,-100
538,538,2020-03-12,22250,22400,20250,20500,134519,-10.24390243902439,22790.0,23880.0,24440.0,89.95173321632295,85.84589614740369,83.87888707037644,1253.7732523949685,26387.54650478993,21372.453495210066,21000.0,0.0,2824899000.0,0.2468426733904924,19.797419406512816,1.0,-100
539,539,2020-03-13,18650,20500,15900,19200,311699,-6.770833333333333,21810.0,23572.5,24349.166666666668,88.03301237964236,81.45084314349347,78.85280125945447,1584.7525956671248,26742.00519133425,20402.99480866575,17916.666666666668,0.0,5584607083.0,0.2130896024259795,17.565858449354053,1.0,-100
540,540,2020-03-16,19100,19550,18300,18300,140487,-4.918032786885246,20790.0,23192.5,24250.83333333333,88.02308802308802,78.9048183680069,75.46132435311502,1880.8085467356027,26954.117093471206,19430.8829065288,18566.666666666668,2608375300.0,0.0,0.3689709820723071,26.952432659585668,1.0,-100
541,541,2020-03-17,17050,18500,17050,18150,127840,-0.8264462809917356,19750.0,22825.0,24140.0,91.8987341772152,79.51807228915662,75.1864125932063,2110.281846977843,27045.56369395569,18604.43630604432,17416.666666666668,0.0,2226546666.0,0.2763174964559833,21.64958932422759,1.0,-100
542,542,2020-03-18,18300,20250,18150,18400,273554,1.358695652173913,18910.0,22470.0,24032.5,97.30301427815972,81.8869603916333,76.56298762092999,2230.3764138298334,26930.752827659668,18009.247172340332,18283.33333333333,5001478966.0,0.0,0.5658489582802387,36.13687995179987,0.0,-100
543,543,2020-03-19,18700,19050,17050,17100,165997,-7.602339181286549,18230.0,22075.0,23901.666666666668,93.80142622051564,77.46319365798414,71.54312809427515,2447.6895658000262,26970.379131600053,17179.620868399947,17616.666666666668,0.0,2924313816.0,0.529765529816069,34.63050509967795,1.0,-100
544,544,2020-03-20,17100,17700,17100,17550,91099,2.564102564102564,17900.0,21742.5,23779.166666666668,98.04469273743015,80.71748878923766,73.80410022779043,2591.2948906919723,26925.089781383944,16559.910218616056,17250.0,0.0,1571457750.0,0.5081615782300476,33.69410715438178,0.0,-100
545,545,2020-03-23,16550,17200,16500,16650,78159,-5.405405405405405,17570.0,21380.0,23639.166666666668,94.76380193511667,77.87652011225444,70.43395494765043,2774.242428597686,26928.48485719537,15831.515142804628,16566.666666666668,0.0,1294834100.0,0.4373919028561358,30.42955104916247,0.0,-100
546,546,2020-03-24,17300,17750,17100,17500,69117,4.857142857142857,17440.0,21042.5,23510.83333333333,100.3440366972477,83.16502316739931,74.43377166554426,2816.972759242765,26676.44551848553,15408.554481514471,17300.0,1195724100.0,0.0,0.5061044621362114,33.603543104730505,0.0,-100
547,547,2020-03-25,18050,19000,17600,18750,87731,6.666666666666667,17510.0,20775.0,23394.166666666668,107.0816676185037,90.25270758122744,80.14818508887542,2764.887929583748,26304.775859167494,15245.224140832506,18133.33333333333,1590855466.0,0.0,0.5241117598787912,34.38801364018558,0.0,-100
548,548,2020-03-26,18850,20200,18650,19100,153879,1.832460732984293,17910.0,20545.0,23297.5,106.64433277498604,92.9666585543928,81.98304539113639,2699.3127780389245,25943.625556077848,15146.374443922152,18866.666666666668,2903183800.0,0.0,0.6163545113785481,38.13238414219384,0.0,-100
549,549,2020-03-27,19700,21050,19250,20000,180481,4.5,18400.0,20410.0,23215.0,108.69565217391305,97.99118079372856,86.15119534783545,2652.9824329372577,25715.96486587452,15104.035134125485,19650.0,3546451650.0,0.0,0.8424622535759558,45.72480396495814,0.0,-100
550,550,2020-03-30,19550,21750,19550,21200,128363,5.660377358490567,19310.0,20325.0,23155.0,109.78767477990678,104.30504305043053,91.55689915784929,2595.618778269504,25516.237556539007,15133.762443460992,20100.0,2580096300.0,0.0,1.0764764241150435,51.84149512190192,0.0,-100
551,551,2020-03-31,21750,22750,21350,22350,165361,5.1454138702460845,20280.0,20290.0,23110.83333333333,110.20710059171596,110.15278462296698,96.70789312371544,2561.4346309092216,25412.869261818443,15167.130738181557,21816.666666666668,3607625816.0,0.0,1.4022201482540535,58.37184195100498,0.0,-100
552,552,2020-04-01,22550,22950,20700,20700,157988,-7.971014492753622,20670.0,20147.5,23045.0,100.14513788098694,102.74227571659014,89.82425688869603,2447.258132772483,25042.016265544968,15252.983734455034,21316.666666666668,0.0,3367777533.0,1.3573612213805706,57.57968736694678,0.0,-100
553,553,2020-04-02,20700,22150,20150,21800,106758,5.045871559633028,21210.0,20035.0,22996.666666666668,102.78170674210278,108.80958322934865,94.79634729670964,2306.0618059001768,24647.123611800354,15422.876388199646,20883.33333333333,0.0,2229462900.0,1.6918706398140262,62.85111233766095,0.0,-100
554,554,2020-04-03,21950,22350,21400,21950,76542,0.683371298405467,21600.0,19927.5,22965.83333333333,101.62037037037037,110.14929118052945,95.5767625820966,2151.527914859824,24230.555829719648,15624.444170280352,21766.666666666668,1666064200.0,0.0,1.6226563078738974,61.87071874428458,0.0,-100
555,555,2020-04-06,22550,23000,22000,22400,98760,2.008928571428572,21840.0,19877.5,22943.33333333333,102.56410256410255,112.69022764432148,97.63184657852682,2076.907810335256,24031.31562067051,15723.68437932949,22316.666666666668,2203994000.0,0.0,2.133456501500618,68.08636087588584,0.0,-100
556,556,2020-04-07,22700,22800,22050,22700,91488,1.3215859030837005,21910.0,19845.0,22925.0,103.60565951620264,114.38649533887629,99.0185387131952,2024.1242420781448,23893.24848415629,15796.751515843707,22483.33333333333,2056955200.0,0.0,1.8748892763728944,65.21605168524437,0.0,-100
557,557,2020-04-08,22700,23150,22150,22750,59950,0.2197802197802197,22320.0,19852.5,22900.83333333333,101.92652329749104,114.5951391512404,99.34136312361268,2035.117674083842,23922.735348167684,15782.264651832316,22533.33333333333,1350873333.0,0.0,2.6823107782786253,72.84313953350045,0.0,-100
558,558,2020-04-09,23200,23850,22900,23650,115246,3.8054968287526414,22690.0,20010.0,22893.33333333333,104.23093873953285,118.19090454772612,103.30518345952242,2202.845050335924,24415.690100671847,15604.309899328153,23250.0,2679469500.0,0.0,3.682678305852848,78.64470000533441,0.0,-100
559,559,2020-04-10,24000,24950,23200,24150,191582,2.070393374741201,23130.0,20257.5,22895.0,104.40985732814528,119.2151055164754,105.48154618912426,2378.1502652714216,25013.800530542845,15501.199469457157,23783.33333333333,4556458566.0,0.0,5.348662843656693,84.24865165112436,0.0,-100
560,560,2020-04-13,24400,25200,23700,23750,185273,-1.6842105263157894,23400.0,20530.0,22886.666666666668,101.49572649572649,115.68436434486118,103.77221089426156,2453.107588774954,25436.215177549908,15623.784822450092,23950.0,4437288350.0,0.0,5.927798989191644,85.5654010521936,0.0,-100
561,561,2020-04-14,24000,24400,23250,23900,75405,0.6276150627615062,23640.0,20817.5,22881.666666666668,101.09983079526226,114.80725351266965,104.45043338917618,2496.064006854752,25809.628013709505,15825.371986290498,23716.666666666668,0.0,1788355250.0,4.277036283980399,81.04996922163072,0.0,-100
562,562,2020-04-16,23900,24150,23350,23950,59802,0.208768267223382,23880.0,21095.0,22860.0,100.2931323283082,113.53401279924154,104.76815398075242,2521.5335768034847,26138.06715360697,16051.93284639303,23733.33333333333,1419300800.0,0.0,4.076120465718703,80.29991591504881,0.0,-100
563,563,2020-04-17,24000,24350,23800,23850,87867,-0.4192872117400419,23920.0,21432.5,22851.666666666668,99.70735785953178,111.27959874023097,104.36875501422216,2407.8421765905728,26248.184353181143,16616.815646818854,23883.33333333333,2098556850.0,0.0,3.880077402688224,79.50852174088175,0.0,-100
564,564,2020-04-20,23850,24550,23550,24450,70047,2.4539877300613497,23980.0,21777.5,22838.33333333333,101.95996663886572,112.2718402020434,107.056848865212,2314.7965125982128,26407.093025196424,17147.906974803576,23950.0,1677625650.0,0.0,3.757884056513414,78.98225370517326,0.0,-100
565,565,2020-04-21,24450,24600,22950,24200,101732,-1.0330578512396695,24070.0,22155.0,22814.166666666668,100.54009140008309,109.23042202663056,106.0744420498959,2033.075192126969,26221.15038425394,18088.84961574606,23866.666666666668,0.0,2428003733.0,2.4605229361238887,71.10263337482473,0.0,-100
566,566,2020-04-22,24000,24650,23500,24050,55462,-0.6237006237006237,24100.0,22482.5,22781.666666666668,99.79253112033194,106.9720894028689,105.56734216109444,1751.861791592622,25986.223583185245,18978.776416814755,23850.0,0.0,1322768700.0,3.1082325926455634,75.65863233279025,0.0,-100
567,567,2020-04-23,24100,24400,23850,24050,49243,0.0,24120.0,22747.5,22763.33333333333,99.70978441127694,105.72590394548853,105.65236491433592,1546.343309740419,25840.18661948084,19654.81338051916,24000.0,1181832000.0,0.0,4.57263668550823,82.05517322526116,0.0,-100
568,568,2020-04-24,24050,30450,23850,25500,1727861,5.686274509803922,24450.0,23067.5,22768.33333333333,104.29447852760735,110.54513926519996,111.99765756533198,1407.8048421866636,25883.10968437333,20251.89031562667,24466.666666666668,42274999133.0,0.0,11.903923714264018,92.25041915820846,0.0,-100
569,569,2020-04-27,25800,25950,25200,25650,237918,0.5847953216374269,24690.0,23350.0,22801.666666666668,103.88821385176186,109.85010706638116,112.49177691689202,1324.2674240976864,25998.534848195373,20701.465151804627,25550.0,6078804900.0,0.0,12.603458211707014,92.64892805610702,0.0,-100
570,570,2020-04-28,25650,25800,24550,25050,166003,-2.395209580838324,24860.0,23542.5,22821.666666666668,100.76427996781976,106.40331315705636,109.76411305046372,1274.1638124874828,26090.827624974965,20994.172375025035,25083.33333333333,0.0,4163908583.0,6.982887337999361,87.47320414707724,0.0,-100
571,571,2020-04-29,24800,25450,24550,25350,100019,1.183431952662722,25120.0,23692.5,22849.166666666668,100.9156050955414,106.99588477366255,110.9449651701375,1302.6566983224,26297.8133966448,21087.1866033552,24900.0,0.0,2490473100.0,5.445875650381651,84.48620398159882,0.0,-100
572,572,2020-05-04,24750,25600,24700,25050,86572,-1.1976047904191618,25320.0,23910.0,22863.33333333333,98.93364928909952,104.76787954830615,109.5640763959761,1128.179716926437,26166.359433852875,21653.640566147125,24833.33333333333,0.0,2149871333.0,4.442806586974492,81.62712593180952,0.0,-100
573,573,2020-05-06,25200,26950,25200,26500,329821,5.471698113207547,25520.0,24145.0,22885.0,103.84012539184953,109.75357216815075,115.79637317019882,1154.7271265723823,26454.45425314477,21835.54574685524,25633.33333333333,8454411633.0,0.0,4.714566303097189,82.5008592610428,1.0,0
574,574,2020-05-07,26450,26500,25700,26150,105821,-1.338432122370937,25620.0,24355.0,22898.33333333333,102.0686963309914,107.37014986655716,114.200451270107,1115.783887771522,26586.567775543044,22123.43222445696,26100.0,2761928100.0,0.0,4.59776258121614,82.13571966493181,0.0,-100
575,575,2020-05-08,26350,26800,26150,26500,194605,1.3207547169811322,25910.0,24560.0,22918.33333333333,102.27711308375144,107.89902280130292,115.62795433059414,1114.3324647991142,26788.664929598228,22331.33507040177,26333.33333333333,5124598333.0,0.0,5.660845347363342,84.98689058445345,0.0,-100
576,576,2020-05-11,26300,26450,25850,26150,110352,-1.338432122370937,26070.0,24732.5,22933.33333333333,100.30686612965094,105.73132517941978,114.02616279069768,1077.6772048692235,26887.854409738447,22577.14559026156,26100.0,0.0,2880187200.0,4.5125880791485296,81.8597002779417,0.0,-100
577,577,2020-05-12,26000,26200,25100,25850,92720,-1.160541586073501,26230.0,24887.5,22945.83333333333,98.55127716355318,103.86740331491713,112.656618848738,997.4803783850406,26882.46075677008,22892.53924322992,25650.0,0.0,2378268000.0,3.792307695508812,79.13322633817594,0.0,-100
578,578,2020-05-13,25500,26150,25300,25850,74313,0.0,26100.0,24997.5,22962.5,99.04214559386972,103.4103410341034,112.5748502994012,974.8785349440938,26947.257069888183,23047.742930111814,25550.0,0.0,1898697150.0,3.341922682045914,76.96872852814596,0.0,-100
579,579,2020-05-14,25550,25850,25150,25400,105666,-1.7716535433070866,25950.0,25060.0,22963.33333333333,97.88053949903662,101.35674381484436,110.61111917549718,957.6011695899322,26975.202339179865,23144.79766082013,25366.666666666668,0.0,2680394200.0,3.299674364167891,76.74242476747357,0.0,-100
580,580,2020-05-15,25750,26800,25500,26600,276057,4.511278195488721,25970.0,25202.5,22975.0,102.42587601078168,105.54508481301458,115.77801958650709,964.4298834026276,27131.359766805253,23273.640233194747,25950.0,7163679150.0,0.0,3.9180902568127096,79.66690427011247,0.0,-100
581,581,2020-05-18,27000,27050,25750,25750,154716,-3.300970873786408,25890.0,25295.0,22979.166666666668,99.45925067593664,101.798774461356,112.05802357207617,920.6548013006292,27136.309602601257,23453.690397398743,26166.666666666668,4048402000.0,0.0,4.071861355458584,80.28337271239184,0.0,-100
582,582,2020-05-19,25850,26300,25350,25800,88762,0.1937984496124031,25880.0,25387.5,22984.166666666668,99.69088098918084,101.6248153618907,112.25118741162396,869.9478205767987,27127.3956411536,23647.6043588464,25666.666666666668,0.0,2278224666.0,1.6076379139444583,61.65111748634824,0.0,-100
583,583,2020-05-20,25800,26700,25700,26250,89106,1.7142857142857144,25960.0,25507.5,23005.0,101.1171032357473,102.91090855630698,114.10562921104108,810.1778557173374,27127.85571143468,23887.144288565327,25916.666666666668,2309330500.0,0.0,1.4274529218910514,58.80455637339516,0.0,-100
584,584,2020-05-21,26650,27000,26200,26300,118423,0.1901140684410646,26140.0,25600.0,23040.0,100.61208875286916,102.734375,114.14930555555556,788.4027824458934,27176.805564891787,24023.194435108213,26383.33333333333,3124393483.0,0.0,1.968639026489928,66.31453029227389,0.0,-100
585,585,2020-05-22,26450,26700,25400,25950,120250,-1.348747591522158,26010.0,25687.5,23074.166666666668,99.76931949250287,101.02189781021896,112.4634331322908,718.894436288334,27125.288872576668,24249.71112742333,25933.33333333333,0.0,3118483333.0,1.897520958080232,65.48773884753692,0.0,-100
586,586,2020-05-25,26150,26350,25700,26200,64300,0.9541984732824428,26100.0,25795.0,23106.666666666668,100.38314176245213,101.57007171932544,113.3871898442008,614.2817800188799,27023.56356003776,24566.43643996224,26016.666666666668,1672871666.0,0.0,2.275110656285779,69.46668052022171,0.0,-100
587,587,2020-05-26,26150,27750,26150,26800,416548,2.238805970149253,26300.0,25932.5,23151.666666666668,101.90114068441063,103.34522317555192,115.75840472248218,500.3354138133691,26933.17082762673,24931.829172373265,26366.666666666668,10982982266.0,0.0,2.4410899383613813,70.93944017992766,0.0,-100
588,588,2020-05-27,26850,28000,26550,27900,326668,3.942652329749104,26630.0,26052.5,23221.666666666668,104.76905745399924,107.09144995681795,120.14641498600444,655.036158102023,27362.572316204045,24742.427683795955,27100.0,8852702800.0,0.0,2.840897797709498,73.96442049053361,1.0,-100
589,589,2020-05-28,28250,29550,27300,28700,570865,2.787456445993032,27110.0,26205.0,23321.666666666668,105.86499446698636,109.52108376264071,123.06153076538268,874.6277403618822,27954.255480723765,24455.744519276235,28083.33333333333,16031792083.0,0.0,3.5568628431219738,78.05507792473111,1.0,-100
590,590,2020-05-29,28600,29050,27700,27700,203263,-3.610108303249097,27460.0,26337.5,23401.666666666668,100.87399854333576,105.17323208353108,118.36763763264725,891.0187841365727,28119.537568273143,24555.462431726854,28000.0,0.0,5691364000.0,3.0027630207355926,75.01725695926339,0.0,-100
591,591,2020-06-01,27950,28600,27850,28050,100924,1.2477718360071302,27830.0,26472.5,23485.0,100.7905138339921,105.95901407120596,119.43793911007026,936.8866414606274,28346.27328292125,24598.726717078745,27950.0,0.0,2820825800.0,2.930884127597559,74.56043048994246,0.0,-100
592,592,2020-06-02,27700,28700,27550,28550,113832,1.7513134851138354,28180.0,26647.5,23568.33333333333,101.31298793470546,107.13950652031149,121.13711901562831,982.9433511545584,28613.386702309115,24681.613297690885,27933.33333333333,0.0,3179707200.0,2.7409659640605866,73.26893616229103,0.0,-100
593,593,2020-06-03,28400,28500,27450,27500,140396,-3.8181818181818175,28100.0,26697.5,23625.83333333333,97.86476868327402,103.00589942878548,116.39801065218158,1000.3256048854691,28698.15120977094,24696.84879022906,27783.33333333333,0.0,3900668866.0,2.58161165062296,72.0796083565881,0.0,-100
594,594,2020-06-04,27500,27800,26550,26700,168795,-2.9962546816479403,27700.0,26725.0,23669.166666666668,96.38989169675092,99.9064546304958,112.80498538886737,992.0075339272516,28709.015067854503,24740.984932145497,26916.666666666668,0.0,4543398750.0,1.8416589405675887,64.80928848554002,0.0,-100
595,595,2020-06-05,26700,27500,26700,27350,89877,2.376599634369287,27630.0,26767.5,23735.0,98.98660875859574,102.17614644625012,115.23067200337054,1000.0361835559044,28767.57236711181,24767.42763288819,26916.666666666668,0.0,2419189250.0,1.537431495817819,60.590069065974994,0.0,-100
596,596,2020-06-08,27600,28400,27450,28300,144984,3.356890459363958,27680.0,26875.0,23817.5,102.23988439306358,105.30232558139534,118.8201952345964,1044.7235846964777,28964.447169392955,24785.552830607045,27783.33333333333,4028138800.0,0.0,1.8307578016188044,64.67377041482894,0.0,-100
597,597,2020-06-09,28600,28950,27650,28200,193998,-0.3546099290780142,27610.0,26992.5,23910.83333333333,102.1369069177834,104.4734648513476,117.93817307357196,1055.4713339745952,29103.44266794919,24881.55733205081,28150.0,5461043700.0,0.0,1.953518483152575,66.14207746780025,0.0,-100
598,598,2020-06-10,28900,29200,28250,28600,182429,1.3986013986013983,27830.0,27130.0,24045.83333333333,102.76679841897234,105.41835606339843,118.93952521226824,1077.6924666302464,29285.38493326049,24974.61506673951,28583.33333333333,5214428916.0,0.0,2.0349263264121737,67.05027099678631,0.0,-100
599,599,2020-06-11,28850,29600,28600,28800,260093,0.6944444444444444,28250.0,27300.0,24205.83333333333,101.94690265486726,105.4945054945055,118.97958481082384,1058.4248475422064,29416.849695084413,25183.150304915587,28750.0,7477673750.0,0.0,2.6478043260447603,72.58624886044039,0.0,-100
600,600,2020-06-12,27400,28950,27050,28900,158209,0.3460207612456747,28560.0,27415.0,24382.5,101.1904761904762,105.41674265912822,118.52763252332616,1102.401684362019,29619.80336872404,25210.19663127596,27783.33333333333,0.0,4395573383.0,2.153884820201053,68.29307165579203,0.0,-100
601,601,2020-06-15,29250,29850,27200,27200,298726,-6.25,28340.0,27487.5,24533.33333333333,95.97741707833453,98.95407003183266,110.86956521739133,1032.609749487602,29552.7194989752,25422.2805010248,27883.33333333333,8329476633.0,0.0,2.055427156759023,67.27135196832091,0.0,-100
602,602,2020-06-16,28300,28400,27500,28050,124913,3.0303030303030303,28310.0,27600.0,24694.166666666668,99.0815966089721,101.63043478260867,113.58957918536764,959.029114315759,29518.05822863152,25681.94177136848,27950.0,3491318350.0,0.0,1.8564943264696687,64.99205369555568,0.0,-100
603,603,2020-06-17,27800,31050,27800,29750,1032341,5.714285714285714,28540.0,27775.0,24905.0,104.239663629993,107.1107110711071,119.45392491467577,1017.284827888747,29809.569655777494,25740.430344222503,28450.0,29370101450.0,0.0,2.351408962492892,70.16180325375254,0.0,-100
604,604,2020-06-18,29800,30000,29000,29300,165552,-1.5358361774744027,28640.0,27925.0,25100.83333333333,102.304469273743,104.92390331244404,116.72919225789316,1009.4944018509598,29943.98880370192,25906.01119629808,29366.666666666668,4861710400.0,0.0,3.209592460499004,76.24473130395477,0.0,-100
605,605,2020-06-19,29750,29750,28650,29050,129176,-0.8605851979345954,28670.0,28080.0,25307.5,101.32542727589816,103.45441595441596,114.788106292601,924.719018490428,29929.438036980857,26230.561963019143,29150.0,0.0,3765480400.0,3.073042566576438,75.44832926112673,0.0,-100
606,606,2020-06-22,29050,29500,28350,28400,114068,-2.288732394366197,28910.0,28190.0,25489.166666666668,98.23590453130404,100.74494501596313,111.41988426455684,813.4720905509106,29816.944181101822,26563.055818898178,28600.0,0.0,3262344800.0,3.061647906530616,75.37945132092503,0.0,-100
607,607,2020-06-23,28650,28700,26600,27550,225482,-3.0852994555353903,28810.0,28227.5,25635.83333333333,95.62651856994098,97.59985829421665,107.46676201930892,761.6593726857208,29750.81874537144,26704.18125462856,27600.0,0.0,6223303200.0,2.7726883872177286,73.49370270314117,0.0,-100
608,608,2020-06-24,27750,28400,27350,27900,110534,1.254480286738351,28440.0,28227.5,25782.5,98.1012658227848,98.83978389868037,108.21293513041792,761.6593726857208,29750.81874537144,26704.18125462856,27666.666666666668,3058107333.0,0.0,3.552894771269039,78.0359518451759,0.0,-100
609,609,2020-06-25,27350,28200,27300,27600,78176,-1.0869565217391304,28100.0,28172.5,25909.166666666668,98.22064056939502,97.9678764752862,106.52600430992892,765.4505037454846,29703.401007490967,26641.59899250904,27416.666666666668,0.0,2143325333.0,3.6024204976637586,78.27230257409963,0.0,-100
610,610,2020-06-26,28000,28000,27200,27900,76116,1.0752688172043012,27870.0,28182.5,26020.83333333333,100.10764262648009,98.99760489665572,107.22177742193756,760.2414782575098,29702.98295651502,26662.01704348498,27700.0,2108413200.0,0.0,3.505415799855744,77.80449031958341,0.0,-100
611,611,2020-06-29,27400,28000,27150,27250,86004,-2.385321100917431,27640.0,28142.5,26102.5,98.589001447178,96.82863995735988,104.39613063882769,788.1148393476714,29718.72967869534,26566.27032130466,27266.666666666668,0.0,2345042400.0,2.8873290859015706,74.27539634792524,0.0,-100
612,612,2020-06-30,27600,27600,26650,27000,144396,-0.9259259259259258,27530.0,28065.0,26207.5,98.07482746095168,96.20523784072688,103.02394352761614,821.4396860967594,29707.87937219352,26422.12062780648,27083.33333333333,0.0,3910725000.0,2.2535999460466605,69.26481384980761,0.0,-100
613,613,2020-07-01,27450,27800,27000,27200,75583,0.7352941176470588,27390.0,28050.0,26297.5,99.30631617378606,96.96969696969695,103.43188516018633,834.9282982136253,29719.85659642725,26380.14340357275,27216.666666666668,2057117316.0,0.0,2.045483567386369,67.16449201339152,0.0,-100
614,614,2020-07-02,27200,27550,27050,27300,43609,0.3663003663003663,27330.0,28080.0,26386.666666666668,99.89023051591658,97.2222222222222,103.46134411318847,793.6259227514961,29667.251845503,26492.748154497007,27183.33333333333,0.0,1185437983.0,2.3330285502760697,69.99725670165137,0.0,-100
615,615,2020-07-03,27200,27500,27100,27400,46456,0.364963503649635,27230.0,28082.5,26470.0,100.6243114212266,97.56966082079586,103.51341140914244,791.280607622862,29665.061215245725,26499.938784754275,27233.33333333333,1265151733.0,0.0,2.023673568923668,66.92764687704141,0.0,-100
616,616,2020-07-06,27700,27700,27200,27400,48476,0.0,27260.0,28037.5,26548.33333333333,100.51357300073369,97.72625947391886,103.20798543536948,803.7535299095805,29645.00705981916,26429.99294018084,27433.33333333333,1329858266.0,0.0,1.9290207247460471,65.8588964034489,0.0,-100
617,617,2020-07-07,27400,27600,27150,27150,55145,-0.9208103130755064,27290.0,27985.0,26621.666666666668,99.4869915720044,97.01625871002322,101.98459901083076,826.5495814083517,29638.099162816703,26331.900837183297,27233.33333333333,0.0,1501782166.0,0.603200561550306,37.62477234707346,0.0,-100
618,618,2020-07-08,27450,27700,27150,27700,71398,1.985559566787004,27390.0,27940.0,26689.166666666668,101.13179992698063,99.1410164638511,103.78742935648046,815.7334445954663,29571.46688919093,26308.53311080907,27433.33333333333,1958685133.0,0.0,0.4839182905275473,32.61084478954092,0.0,-100
619,619,2020-07-09,27500,27750,27300,27350,54796,-1.279707495429616,27400.0,27867.5,26742.5,99.8175182481752,98.14299811608504,102.2716649527905,799.5516835932796,29466.60336718656,26268.39663281344,27383.33333333333,0.0,1500497133.0,0.533575960275759,34.79292673444192,0.0,-100
620,620,2020-07-10,27350,27650,27050,27200,54105,-0.5514705882352942,27360.0,27782.5,26800.0,99.41520467836258,97.903356429407,101.49253731343283,773.9636534373634,29330.427306874728,26234.572693125272,27200.0,0.0,1471656000.0,0.5806856816164595,36.73631566160781,0.0,-100
621,621,2020-07-13,27600,27900,27200,27700,58515,1.8050541516245489,27420.0,27807.5,26863.33333333333,101.02115244347192,99.61341364739728,103.1145303387517,762.1429276095587,29331.78585521912,26283.214144780883,27500.0,1609162500.0,0.0,0.9522017172227024,48.77578524914684,0.0,-100
622,622,2020-07-14,27750,28800,27550,28300,101106,2.120141342756184,27650.0,27820.0,26935.83333333333,102.35081374321882,101.725377426312,105.06450515113076,768.354359037962,29356.708718075923,26283.29128192408,27866.666666666668,2817487200.0,0.0,0.9350860423871076,48.32271133709344,0.0,-100
623,623,2020-07-15,28350,28650,28000,28200,37058,-0.3546099290780142,27750.0,27742.5,27008.33333333333,101.62162162162164,101.64909434982428,104.41221845109534,628.9663617480129,29000.432723496026,26484.56727650397,28183.33333333333,1044417966.0,0.0,1.1909463507583284,54.35762269332241,0.0,-100
624,624,2020-07-16,28050,28150,27050,27150,105982,-3.867403314917127,27710.0,27635.0,27053.33333333333,97.97906892818476,98.24497919305227,100.35731887629376,523.6762760573264,28682.35255211465,26587.64744788535,27416.666666666668,0.0,2905673166.0,0.8151968061882373,44.90955489835193,0.0,-100
625,625,2020-07-17,27450,27900,27200,27500,41589,1.2727272727272727,27770.0,27557.5,27108.33333333333,99.02772776377384,99.79134536877436,101.44482016600062,404.3431971143296,28366.18639422865,26748.813605771345,27383.33333333333,0.0,1138845450.0,0.8874197639578708,47.01761531292723,0.0,-100
626,626,2020-07-20,27500,28200,27450,27700,82283,0.7220216606498195,27770.0,27522.5,27169.166666666668,99.74792942023768,100.6449268780089,101.9538079317854,354.84429498614816,28232.18858997229,26812.811410027705,27550.0,2266896650.0,0.0,1.478662057947835,59.655653872075945,0.0,-100
627,627,2020-07-21,28000,31650,27850,28800,901003,3.8194444444444446,27870.0,27585.0,27248.33333333333,103.33692142088266,104.40456769983686,105.69453789222582,455.6949579892761,28496.38991597855,26673.61008402145,28216.666666666668,25423301316.0,0.0,3.886580885322224,79.53579356470513,1.0,1
628,628,2020-07-22,29000,29900,28100,29900,206181,3.678929765886288,28210.0,27685.0,27321.666666666668,105.99078341013823,108.00072241285892,109.43695479777952,688.4574672487271,29061.91493449745,26308.085065502542,29000.0,5979249000.0,0.0,5.129359177145939,83.68508075479372,1.0,-100
629,629,2020-07-23,30300,31000,29500,30500,364235,1.9672131147540983,28880.0,27830.0,27402.5,105.60941828254848,109.59396334890404,111.30371316485724,931.9475928342106,29693.89518566842,25966.10481433158,30100.0,10963473500.0,0.0,6.267866453674417,86.24080386762706,1.0,-100
630,630,2020-07-24,30650,31650,29800,30050,462874,-1.497504159733777,29390.0,27937.5,27485.83333333333,102.2456617897244,107.5615212527964,109.32904829760786,1056.1692198945384,30049.83843978908,25825.161560210923,30166.666666666668,13963365666.0,0.0,7.750941613329137,88.57265830140115,1.0,-100
631,631,2020-07-27,30200,30200,28850,29400,218980,-2.2108843537414966,29730.0,28045.0,27553.33333333333,98.89001009081736,104.83152077019076,106.70215339946772,1091.3415211515962,30227.6830423032,25862.316957696807,29483.33333333333,0.0,6456260333.0,4.900643640830906,83.05269626722986,0.0,-100
632,632,2020-07-28,29500,29950,28900,29400,169699,0.0,29850.0,28165.0,27625.83333333333,98.4924623115578,104.38487484466536,106.42212904588098,1102.2823212723135,30369.56464254463,25960.43535745537,29266.666666666668,0.0,4966524066.0,3.4744708999971747,77.65098885768523,0.0,-100
633,633,2020-07-29,29300,30300,29250,29950,94014,1.8363939899833053,29860.0,28302.5,27683.33333333333,100.30140656396516,105.82104054412152,108.1878386514148,1146.215167639271,30594.930335278543,26010.069664721457,29500.0,2773413000.0,0.0,3.945978423987585,79.78155353144925,0.0,-100
634,634,2020-07-30,30000,30300,29000,29000,116408,-3.2758620689655173,29560.0,28387.5,27730.83333333333,98.10554803788904,102.15763980625276,104.57673468161192,1130.8910087555817,30649.282017511163,26125.71798248884,29333.33333333333,0.0,3414634666.0,3.5399315434272776,77.97323615049311,0.0,-100
635,635,2020-07-31,28800,29200,28600,28600,71522,-1.3986013986013983,29270.0,28447.5,27765.83333333333,97.71096686026648,100.53607522629405,103.00429184549355,1107.3290529824246,30662.15810596485,26232.84189403515,28666.666666666668,0.0,2050297333.0,3.1163229466118394,75.70647364237776,0.0,-100
636,636,2020-08-03,28350,29350,28350,28550,79814,-0.1751313485113835,29100.0,28505.0,27805.83333333333,98.10996563573885,100.15786704087002,102.67629694009052,1079.5832529267975,30664.166505853595,26345.833494146405,28416.666666666668,0.0,2268047833.0,2.6902308695805703,72.90142445440928,0.0,-100
637,637,2020-08-04,28750,30200,28750,29550,177322,3.3840947546531304,29130.0,28625.0,27867.5,101.44181256436664,103.23144104803494,106.03749887862206,1054.1272269163346,30733.25445383267,26516.74554616733,29016.666666666668,5145293366.0,0.0,2.866990585272152,74.14009737162002,0.0,-100
638,638,2020-08-05,29800,30650,29150,30400,190707,2.796052631578948,29220.0,28760.0,27943.33333333333,104.03832991101984,105.70236439499304,108.79160205177143,1101.2672126619482,30962.53442532389,26557.465574676105,29783.33333333333,5679890150.0,0.0,3.557342751735182,78.05738882336081,0.0,-100
639,639,2020-08-06,30350,32350,30050,30900,381961,1.6181229773462782,29600.0,28937.5,28035.0,104.39189189189187,106.7818574514039,110.21936864633494,1147.1790343456034,31231.858068691206,26643.1419313088,30433.33333333333,11624346433.0,0.0,4.375666147809146,81.3976543091771,0.0,-100
640,640,2020-08-07,31350,31350,29850,30350,126599,-1.8121911037891267,29950.0,29095.0,28097.5,101.3355592654424,104.31345592026122,108.0167274668565,1111.7672039548029,31318.534407909607,26871.4655920904,30516.666666666668,3863379483.0,0.0,4.459008311230452,81.68165456090684,0.0,-100
641,641,2020-08-10,30750,30750,29900,30050,90220,-0.9983361064891848,30250.0,29212.5,28169.166666666668,99.3388429752066,102.86692340607615,106.6769221666716,1080.311236829951,31373.122473659903,27051.877526340097,30233.33333333333,0.0,2727651333.0,2.7414555293046847,73.27243389190193,0.0,-100
642,642,2020-08-11,30050,30400,29750,30300,96124,0.825082508250825,30400.0,29312.5,28244.166666666668,99.67105263157896,103.36886993603412,107.27878913049892,1083.9589961170873,31480.41799223417,27144.582007765825,30033.33333333333,0.0,2886924133.0,2.180557968066206,68.55897581366817,0.0,-100
643,643,2020-08-12,30350,30350,28800,29200,138518,-3.767123287671233,30160.0,29362.5,28293.33333333333,96.81697612732096,99.4465730097914,103.20452403393026,1052.550161324993,31467.600322649985,27257.39967735001,29450.0,0.0,4079355100.0,1.4922060146881213,59.87490624344947,0.0,-100
644,644,2020-08-13,29550,29850,28800,28850,158594,-1.2131715771230502,29750.0,29447.5,28335.83333333333,96.97478991596638,97.9709652771882,101.81454577537276,925.4408622238864,31298.38172444777,27596.618275552228,29066.666666666668,0.0,4609798933.0,0.869299537724954,46.5040257155866,0.0,-100
645,645,2020-08-14,29250,29250,28450,29200,77519,1.1986301369863013,29520.0,29532.5,28390.0,98.9159891598916,98.87412173029712,102.85311729482213,807.7380698429969,31147.976139686,27917.02386031401,28966.666666666668,0.0,2245467033.0,0.9944483687954404,49.8608228898923,0.0,-100
646,646,2020-08-18,29450,29450,27800,28050,131092,-4.09982174688057,29120.0,29550.0,28420.83333333333,96.32554945054946,94.9238578680203,98.69520598152764,768.7994742317097,31087.59894846342,28012.40105153658,28433.33333333333,0.0,3727382533.0,1.0384427166082693,50.94294326485254,0.0,-100
647,647,2020-08-19,28200,29250,28200,28950,89641,3.1088082901554404,28850.0,29557.5,28456.666666666668,100.34662045060658,97.9446840903324,101.73363008082464,761.7975625556933,31081.095125111387,28033.904874888613,28450.0,2550286450.0,0.0,1.0304766307866216,50.75047972295092,0.0,-100
648,648,2020-08-20,29000,30000,28150,28700,123387,-0.8710801393728222,28750.0,29497.5,28470.0,99.82608695652176,97.29638104924146,100.8078679311556,780.4308863833226,31058.36177276665,27936.63822723336,28616.666666666668,3530924650.0,0.0,1.3171059291644296,56.84271541436996,0.0,-100
649,649,2020-08-21,29150,29950,28300,29900,111106,4.013377926421405,28960.0,29467.5,28490.0,103.24585635359117,101.46771867311443,104.94910494910496,750.8372519710075,30969.174503942017,27965.825496057983,29116.666666666668,3235036366.0,0.0,1.580383523719382,61.24607095000385,0.0,-100
650,650,2020-08-24,30000,30000,29200,29450,71406,-1.528013582342954,29010.0,29437.5,28519.166666666668,101.51671837297484,100.04246284501062,103.26388685971422,738.2188735484644,30913.93774709693,27961.06225290307,29550.0,2110047300.0,0.0,1.8612214652689,65.04989172846084,0.0,-100
651,651,2020-08-25,29550,29550,28750,29150,119756,-1.0291595197255576,29230.0,29425.0,28537.5,99.72630858706808,99.06542056074768,102.14629872974156,740.9986149571582,30906.99722991432,27943.002770085684,29150.0,0.0,3490887400.0,1.371366648607576,57.83022416262866,0.0,-100
652,652,2020-08-26,29350,29600,28900,29500,74017,1.1864406779661016,29340.0,29430.0,28553.33333333333,100.5453306066803,100.23785253143052,103.31543310763485,741.1584105126852,30912.31682102537,27947.68317897463,29250.0,2164997250.0,0.0,1.2234799184347982,55.02545394230759,0.0,-100
653,653,2020-08-27,29800,29800,29000,29050,80798,-1.549053356282272,29410.0,29385.0,28579.166666666668,98.77592655559334,98.859962565935,101.64747047674588,735.222844842945,30855.44568968589,27914.55431031411,29283.33333333333,2366034766.0,0.0,0.8339427466611974,45.4726707351928,0.0,-100
654,654,2020-08-28,29150,29450,28850,29250,66668,0.6837606837606838,29280.0,29397.5,28621.666666666668,99.89754098360656,99.49825665447744,102.19530658591977,730.4423677687274,30858.384735537456,27936.615264462544,29083.33333333333,0.0,1938927666.0,0.6207532141879304,38.30029203421666,0.0,-100
655,655,2020-08-31,29400,29800,29200,29200,80800,-0.1712328767123287,29230.0,29427.5,28652.5,99.89736572015052,99.22691360122334,101.91082802547773,707.939002724778,30843.378005449555,28011.621994550445,29266.666666666668,2364746666.0,0.0,0.7973488196923766,44.36249719344106,0.0,-100
656,656,2020-09-01,29250,30600,29250,30600,193106,4.57516339869281,29520.0,29530.0,28690.83333333333,103.65853658536584,103.62343379613952,106.65427401318657,722.4592503533042,30974.918500706608,28085.081499293392,29700.0,5735248200.0,0.0,1.1973690410568911,54.491030804774624,0.0,-100
657,657,2020-09-02,30950,30950,29800,30150,133373,-1.4925373134328357,29650.0,29560.0,28723.33333333333,101.68634064080943,101.9959404600812,104.96692584426135,735.6701205810898,31031.34024116218,28088.65975883782,30300.0,4041201900.0,0.0,1.7547907874349626,63.69960272260389,0.0,-100
658,658,2020-09-03,30250,31300,30150,30900,178903,2.4271844660194173,30020.0,29585.0,28761.666666666668,102.93137908061291,104.44482001014028,107.43466419424,773.2535500284397,31131.50710005688,28038.49289994312,30433.33333333333,5444614633.0,0.0,2.941692951914575,74.63019032179369,0.0,-100
659,659,2020-09-04,30000,31050,29500,31050,154400,0.4830917874396135,30380.0,29592.5,28799.166666666668,102.2053982883476,104.9252344344006,107.81561966492086,787.2796266424792,31167.05925328496,28017.94074671504,30183.33333333333,0.0,4660306666.0,2.427582980087468,70.82492223209485,0.0,-100
660,660,2020-09-07,31300,32150,30400,31200,193981,0.4807692307692308,30780.0,29635.0,28837.5,101.364522417154,105.28091783364266,108.1924577373212,850.7117762884179,31336.423552576834,27933.57644742317,30966.666666666668,6006944966.0,0.0,3.919683448572293,79.67348894591575,0.0,-100
661,661,2020-09-08,31200,31500,30100,30300,122589,-2.9702970297029703,30720.0,29647.5,28889.166666666668,98.6328125,102.20086010624844,104.8836068883953,858.9275749138422,31365.355149827683,27929.64485017232,30533.33333333333,0.0,3743050800.0,2.674715189983289,72.78700665766297,0.0,-100
662,662,2020-09-09,29700,29950,29150,29250,104684,-3.589743589743589,30540.0,29595.0,28909.166666666668,95.77603143418467,98.8342625443487,101.17898013894091,848.9777134264141,31292.95542685283,27897.04457314717,29366.666666666668,0.0,3074220133.0,1.9795407080290928,66.43778024897401,0.0,-100
663,663,2020-09-10,29550,29800,29100,29600,76893,1.1824324324324325,30280.0,29615.0,28906.666666666668,97.75429326287978,99.94934999155834,102.39852398523983,843.8788887911429,31302.757777582287,27927.24222241772,29416.666666666668,2261935750.0,0.0,1.921985966426953,65.77670079562995,0.0,-100
664,664,2020-09-11,29500,29750,29150,29350,53309,-0.8517887563884157,29940.0,29640.0,28907.5,98.02939211756848,99.02159244264509,101.53074461644904,827.2656290772857,31294.531258154573,27985.468741845427,29333.33333333333,0.0,1563730666.0,1.6450393182099423,62.193378634660135,0.0,-100
665,665,2020-09-14,29600,29600,29100,29500,64521,0.5084745762711864,29600.0,29655.0,28915.0,99.66216216216216,99.47732254257292,102.02317136434375,821.567820822196,31298.135641644392,28011.864358355608,29400.0,1896917400.0,0.0,2.1550155604822296,68.30443524509417,0.0,-100
666,666,2020-09-15,29700,31250,29500,30900,236044,4.53074433656958,29720.0,29797.5,28956.666666666668,103.97039030955584,103.6999748301032,106.7111776217336,774.3375776820676,31346.175155364137,28248.824844635863,30033.33333333333,7089188133.0,0.0,2.4837280657913023,71.29511887510492,0.0,-100
667,667,2020-09-16,30950,31800,30200,30300,173488,-1.98019801980198,29930.0,29865.0,29002.5,101.23621784163046,101.45655449522852,104.47375226273596,755.1751278241468,31375.350255648293,28354.649744351707,30483.33333333333,5288492533.0,0.0,2.6788156318657648,72.8173385113938,0.0,-100
668,668,2020-09-17,30600,31150,29650,29900,129098,-1.3377926421404682,29990.0,29925.0,29035.83333333333,99.69989996665556,99.91645781119465,102.9762075596246,703.6558668464112,31332.311733692823,28517.688266307177,30050.0,0.0,3879394900.0,2.3716088976731364,70.34056943288604,0.0,-100
669,669,2020-09-18,30200,30450,29250,29800,64222,-0.3355704697986577,30080.0,29920.0,29072.5,99.0691489361702,99.59893048128342,102.50236477771088,704.1979386806746,31328.39587736135,28511.60412263865,29750.0,0.0,1910604500.0,2.005412698194584,66.72669944461467,0.0,-100
670,670,2020-09-21,30350,31150,30050,30700,201314,2.931596091205212,30320.0,29982.5,29119.166666666668,101.2532981530343,102.39306261986158,105.42884125575938,715.6658658752374,31413.83173175048,28551.168268249527,30366.666666666668,6113235133.0,0.0,2.025484959756245,66.94744765544738,0.0,-100
671,671,2020-09-22,30450,30650,28950,29300,181303,-4.778156996587031,30000.0,29990.0,29153.33333333333,97.66666666666669,97.69923307769255,100.5030871255431,707.2184208127275,31404.43684162545,28575.563158374545,29566.666666666668,0.0,5360525366.0,1.409621524102855,58.4997066967885,0.0,-100
672,672,2020-09-23,29400,29600,27900,28450,128822,-2.987697715289982,29630.0,29937.5,29177.5,96.01754978062776,95.0313152400835,97.50664039071202,780.6668876503538,31498.833775300707,28376.166224699293,28583.33333333333,0.0,3682162166.0,1.0280806074790545,50.69229515275428,0.0,-100
673,673,2020-09-24,28050,28950,27500,27600,132314,-3.0797101449275366,29170.0,29865.0,29184.166666666668,94.61775797051766,92.41587142139628,94.57182833157248,921.9687173594772,31708.937434718955,28021.062565281045,27716.666666666668,0.0,3667303033.0,1.0660586625598332,51.59866376877186,1.0,1
674,674,2020-09-25,27600,28400,27150,27700,93280,0.3610108303249097,28750.0,29787.5,29190.83333333333,96.34782608695652,92.99202685690308,94.89280310599788,1034.6465198572107,31856.793039714423,27718.206960285577,27483.33333333333,0.0,2563645333.0,0.7692324082049623,43.4783132299399,1.0,-100
675,675,2020-09-28,27750,29050,27750,28900,71736,4.1522491349480966,28390.0,29772.5,29215.83333333333,101.79640718562877,97.06944327819296,98.9189651729941,1045.7275231299905,31863.95504625998,27681.04495374002,28133.33333333333,2018172800.0,0.0,0.9597828575987905,48.973938815586806,0.0,-100
676,676,2020-09-29,28900,29200,28800,28850,39141,-0.1733102253032928,28300.0,29685.0,29240.0,101.94346289752647,97.18713154791982,98.66621067031464,1046.0577623177744,31777.11552463555,27592.88447536445,28850.0,1129217850.0,0.0,1.1400867268440844,53.27292172524863,0.0,-100
677,677,2020-10-05,28850,29150,28600,28950,62672,0.3454231433506045,28400.0,29625.0,29270.0,101.93661971830986,97.72151898734175,98.90673044072427,1052.3782589924622,31729.75651798493,27520.24348201508,28800.0,0.0,1804953600.0,0.9632824172649644,49.0648929972544,0.0,-100
678,678,2020-10-06,29100,29700,28650,29200,89611,0.8561643835616438,28720.0,29540.0,29295.0,101.67130919220055,98.84901828029793,99.67571257893836,1011.8508315276338,31563.701663055268,27516.29833694473,28983.33333333333,2597225483.0,0.0,1.1427224236946882,53.33039926488921,0.0,-100
679,679,2020-10-07,28900,29600,28700,29200,85907,0.0,29020.0,29447.5,29325.83333333333,100.62026188835289,99.15952118176416,99.57091301753287,949.1651456328432,31345.830291265687,27549.16970873432,28933.33333333333,0.0,2485575866.0,0.9558797206529032,48.87211164160011,0.0,-100
680,680,2020-10-08,29350,29950,29200,29200,88718,0.0,29080.0,29347.5,29359.166666666668,100.41265474552958,99.49740182298322,99.45786381311912,855.5507613597008,31058.6015227194,27636.3984772806,29250.0,2595001500.0,0.0,0.7786233734281968,43.7767424548933,0.0,-100
681,681,2020-10-12,29250,29750,29100,29450,42039,0.8488964346349746,29200.0,29305.0,29388.33333333333,100.85616438356163,100.49479610987886,100.209833834288,826.3585305741312,30957.71706114826,27652.28293885174,29266.666666666668,1230341400.0,0.0,0.6185648122105893,38.21687012741685,0.0,-100
682,682,2020-10-13,29450,29700,28900,29250,38736,-0.6837606837606838,29260.0,29305.0,29404.166666666668,99.96582365003418,99.8123187169425,99.47569788862124,826.3585305741312,30957.71706114826,27652.28293885174,29200.0,0.0,1131091200.0,0.6937667236651118,40.959992540406176,0.0,-100
683,683,2020-10-14,29250,29600,28500,28550,88011,-2.4518388791593697,29130.0,29252.5,29410.0,98.00892550635083,97.59849585505512,97.07582454947296,839.8738940428751,30932.24778808575,27572.75221191425,28766.666666666668,0.0,2531783100.0,0.6752127861695462,40.30609076912864,0.0,-100
684,684,2020-10-15,28550,28600,27400,27550,153856,-3.6297640653357535,28800.0,29162.5,29416.666666666668,95.6597222222222,94.47063866266608,93.6543909348442,921.3655483488712,31005.231096697746,27319.76890330225,27833.33333333333,0.0,4282325333.0,0.3478800413620467,25.809421512800967,0.0,-100
685,685,2020-10-16,27750,27850,26900,27200,147951,-1.2867647058823528,28400.0,29047.5,29411.666666666668,95.77464788732397,93.63972803167226,92.48030826769424,1015.7282842219304,31078.95656844386,27016.04343155614,27283.33333333333,0.0,4036596450.0,0.3654687668136223,26.765076997437205,0.0,-100
686,686,2020-10-19,27200,28100,27200,27700,58262,1.8050541516245489,28050.0,28887.5,29411.666666666668,98.75222816399288,95.88922544353092,94.18031393437978,959.0119641424848,30805.52392828497,26969.47607171503,27366.666666666668,1594436733.0,0.0,0.4961231778171687,33.160583645325815,0.0,-100
687,687,2020-10-20,27650,28000,26900,27400,89559,-1.094890510948905,27680.0,28742.5,29388.33333333333,98.98843930635836,95.32921631730017,93.23427664039018,953.4252654729216,30649.35053094584,26835.64946905416,27316.666666666668,0.0,2446453350.0,0.5245828973380461,34.40828952325117,0.0,-100
688,688,2020-10-21,27650,27650,27150,27250,27087,-0.5504587155963303,27420.0,28610.0,29344.166666666668,99.38001458789203,95.2464173365956,92.86343111918892,968.1235240891228,30546.247048178244,26673.75295182176,27350.0,740829450.0,0.0,0.63600437187898,38.87546896641344,0.0,-100
689,689,2020-10-22,27250,27250,26200,26600,180218,-2.443609022556391,27230.0,28450.0,29279.166666666668,97.68637532133675,93.49736379613356,90.84958019069305,1023.92433931008,30497.84867862016,26402.15132137984,26683.33333333333,0.0,4808816966.0,0.4202321594068234,29.588976465815165,0.0,-100
690,690,2020-10-23,26650,26850,26200,26550,48576,-0.1883239171374764,27100.0,28242.5,29220.83333333333,97.97047970479706,94.0072585642206,90.85983174105232,962.627298485493,30167.754596970983,26317.245403029014,26466.666666666668,0.0,1285644800.0,0.3529500513148712,26.087441363548862,0.0,-100
691,691,2020-10-26,26550,26700,26000,26400,85643,-0.5681818181818182,26840.0,28097.5,29170.83333333333,98.36065573770492,93.95853723640892,90.50135694900727,1012.0946232026896,30121.68924640537,26073.310753594626,26316.666666666668,0.0,2253838283.0,0.3466784542217211,25.74322423700432,0.0,-100
692,692,2020-10-27,26200,26400,25750,26200,106328,-0.7633587786259541,26600.0,27985.0,29117.5,98.49624060150376,93.62158299088796,89.9802524255173,1092.6910287041487,30170.382057408297,25799.617942591703,26050.0,0.0,2769844400.0,0.2197708237552426,18.017386502051764,0.0,-100
693,693,2020-10-28,26150,26350,25800,26200,55552,0.0,26390.0,27915.0,29055.0,99.28003031451308,93.8563496328139,90.17380829461366,1161.339970170576,30237.67994034116,25592.320059658847,26050.0,0.0,1447129600.0,0.2282254514534961,18.58172302026567,0.0,-100
694,694,2020-10-29,25950,26350,25900,26250,44157,0.1904761904761904,26320.0,27842.5,29009.166666666668,99.7340425531915,94.28032683846638,90.488638648703,1219.2831155189012,30281.066231037803,25403.9337689622,26033.33333333333,0.0,1149553900.0,0.1266957246573369,11.244892643563476,0.0,-100
695,695,2020-10-30,26300,26350,25700,25700,66941,-2.140077821011673,26150.0,27682.5,28960.83333333333,98.2791586998088,92.83843583491377,88.74054038500275,1281.5774613630222,30245.654922726044,25119.34507727396,25900.0,0.0,1733771900.0,0.0781630673622246,7.249651720444675,0.0,-100
696,696,2020-11-02,25850,26300,25500,26100,23070,1.532567049808429,26090.0,27545.0,28920.0,100.03832886163282,94.7540388455255,90.24896265560166,1297.1527524381618,30139.305504876324,24950.69449512368,25816.666666666668,0.0,595590500.0,0.0795895995193831,7.372208805532693,0.0,-100
697,697,2020-11-03,26350,26450,26050,26150,36350,0.1912045889101338,26080.0,27405.0,28863.33333333333,100.26840490797548,95.42054369640576,90.59937637140548,1288.6038956948737,29982.20779138975,24827.79220861025,26183.33333333333,951764166.0,0.0,0.1226066252810743,10.921601789974886,0.0,-100
698,698,2020-11-04,26900,27000,26300,26900,27396,2.7881040892193307,26220.0,27290.0,28805.0,102.59344012204424,98.5709050934408,93.38656483249436,1220.828019268719,29731.65603853744,24848.34396146256,26700.0,731473200.0,0.0,0.1783841927560036,15.138033406473228,0.0,-100
699,699,2020-11-05,27100,27400,26900,27200,18634,1.1029411764705883,26410.0,27190.0,28743.33333333333,102.99129117758426,100.03677822728945,94.63063898875102,1135.0399946582008,29460.0799893164,24919.9200106836,27066.666666666668,504360266.0,0.0,0.2446028320390275,19.65308335658338,0.0,-100
700,700,2020-11-06,27400,27400,26500,26700,34786,-1.872659176029963,26610.0,27065.0,28682.5,100.33821871476889,98.6513947903196,93.08811993375753,1035.3107847659253,29135.62156953185,24994.37843046815,26866.666666666668,0.0,934583866.0,0.1507538108473119,13.100439853100312,0.0,-100
701,701,2020-11-09,26750,27150,26500,26850,23814,0.5586592178770949,26760.0,26935.0,28629.166666666668,100.33632286995515,99.684425468721,93.7854751855625,870.1330811705603,28675.26616234112,25194.73383765888,26700.0,0.0,635833800.0,0.1662499148153766,14.255084841030396,0.0,-100
702,702,2020-11-10,26950,27350,26850,27000,24143,0.5555555555555556,26930.0,26822.5,28574.166666666668,100.25993316004455,100.66175785254916,94.49094461780746,679.6816205129887,28181.86324102597,25463.136758974026,26933.33333333333,650251466.0,0.0,0.1611077064890336,13.875345550516784,0.0,-100
703,703,2020-11-11,26900,27500,26600,26950,72721,-0.1855287569573284,26940.0,26742.5,28536.666666666668,100.03711952487008,100.77591848181731,94.43990188062142,546.8269715752047,27836.15394315041,25648.84605684959,26816.666666666668,0.0,1950134816.0,0.1923192840600517,16.129847653320823,0.0,-100
704,704,2020-11-12,28800,28900,27200,27250,164885,1.1009174311926606,26950.0,26727.5,28510.0,101.11317254174396,101.95491534935928,95.58049807085234,527.275769253727,27782.05153850745,25672.948461492542,27750.0,4575558750.0,0.0,0.5503528703096144,35.49855525469539,0.0,-100
705,705,2020-11-13,27050,27500,27000,27050,23668,-0.7393715341959335,27020.0,26720.0,28474.166666666668,100.11102886750557,101.23502994011976,94.99839035382948,521.2333551551745,27762.46671031035,25677.53328968965,27033.33333333333,0.0,639824933.0,0.6252733175568311,38.47188720828594,0.0,-100
706,706,2020-11-16,27250,27350,27000,27000,51147,-0.1851851851851852,27050.0,26685.0,28456.666666666668,99.81515711645102,101.1804384485666,94.88110577486236,473.25858070459833,27631.5171614092,25738.482838590804,27083.33333333333,1385231250.0,0.0,0.9683281080989348,49.19546208351272,0.0,-100
707,707,2020-11-17,27050,27200,25950,26100,101604,-3.4482758620689653,26870.0,26620.0,28409.166666666668,97.1343505768515,98.0465815176559,91.87175500865332,458.9461612731637,27537.89232254633,25702.10767745368,26366.666666666668,0.0,2678958800.0,0.85272569993893,46.02546939177439,0.0,-100
708,708,2020-11-18,26150,27250,26150,26950,80336,3.153988868274583,26870.0,26605.0,28380.0,100.29772981019724,101.29674873144144,94.96124031007751,441.8561328139144,27488.71226562783,25721.28773437217,26416.666666666668,2122209333.0,0.0,1.1911012554315483,54.36084948054832,0.0,-100
709,709,2020-11-19,27300,27300,26500,26950,51616,0.0,26810.0,26622.5,28330.83333333333,100.52219321148826,101.23016245656868,95.1260405329882,448.5282951820896,27519.55659036418,25725.44340963582,26916.666666666668,1389330666.0,0.0,1.6557229908082558,62.34547038749493,0.0,-100
710,710,2020-11-20,27100,27500,26900,27350,52627,1.4625228519195612,26870.0,26662.5,28295.83333333333,101.78637886118348,102.57852789498358,96.6573405978501,476.5211101525902,27615.542220305186,25709.45777969481,27116.666666666668,1427068816.0,0.0,2.0085644982434894,66.76155686262213,0.0,-100
711,711,2020-11-23,27350,27450,27050,27050,96212,-1.1090573012939002,26880.0,26695.0,28260.83333333333,100.63244047619048,101.32983704813635,95.7155073275735,479.8300137603603,27654.66002752072,25735.33997247928,27150.0,2612155800.0,0.0,2.251335372755907,69.24340662057335,0.0,-100
712,712,2020-11-24,27300,27300,26850,27100,73404,0.1845018450184501,27080.0,26740.0,28220.83333333333,100.07385524372228,101.3462976813762,96.02834785176437,473.11954648181927,27686.23909296364,25793.76090703636,27083.33333333333,0.0,1988025000.0,1.6614440023229524,62.42641216094784,0.0,-100
713,713,2020-11-25,27150,27200,26650,26750,70655,-1.3084112149532712,27040.0,26767.5,28182.5,98.9275147928994,99.9346222097693,94.9170584582631,455.7454852968106,27678.990970593622,25856.009029406378,26850.0,0.0,1897086750.0,1.3205160887738057,56.90613804240356,0.0,-100
714,714,2020-11-26,26800,27150,26800,26900,39892,0.5576208178438662,27030.0,26800.0,28143.33333333333,99.51905290418054,100.37313432835822,95.58213905010068,439.7966037062853,27679.59320741257,25920.40679258743,26833.33333333333,0.0,1070435333.0,1.3039977552803077,56.597179936126345,0.0,-100
715,715,2020-11-27,27250,27350,27050,27050,25972,0.5545286506469501,26970.0,26867.5,28107.5,100.29662588060808,100.6792593281846,96.23765898781464,358.0925343509678,27583.685068701936,26151.314931298064,27116.666666666668,704274066.0,0.0,1.453971354793635,59.24972807663053,0.0,-100
716,716,2020-11-30,27050,28700,27050,28700,189061,5.749128919860628,27300.0,26997.5,28075.83333333333,105.12820512820514,106.30613945735716,102.2231456472055,506.1399328041125,28009.779865608223,25985.220134391777,27600.0,5218083600.0,0.0,1.900726451676531,65.52587716700998,1.0,0
717,717,2020-12-01,28400,28400,27600,27700,100591,-3.610108303249097,27420.0,27075.0,28035.0,101.02115244347192,102.3084025854109,98.80506509719991,487.8794070151741,28050.75881403035,26099.24118596965,27900.0,2806488900.0,0.0,2.687879137971368,72.88414390526688,0.0,-100
718,718,2020-12-02,27850,28100,27500,27850,61791,0.5385996409335727,27640.0,27122.5,27984.166666666668,100.75976845151952,102.68227486404278,99.52056222268544,515.4137326357127,28153.327465271424,26091.672534728576,27733.33333333333,0.0,1713670400.0,1.7686063556642642,63.88074462250258,0.0,-100
719,719,2020-12-03,27950,27950,27200,27300,69213,-2.0146520146520146,27720.0,27127.5,27921.666666666668,98.48484848484848,100.6358860934476,97.77353309854952,516.6885960258481,28160.877192051696,26094.122807948304,27483.33333333333,0.0,1902203950.0,1.570155147217592,61.091842993113325,0.0,-100
720,720,2020-12-04,27300,27500,26800,26850,85128,-1.675977653631285,27680.0,27135.0,27849.166666666668,97.0014450867052,98.94969596462134,96.4122205930758,511.2162998801604,28157.43259976032,26112.56740023968,26983.33333333333,0.0,2297037200.0,1.2016763535568544,54.58006357816947,0.0,-100
721,721,2020-12-07,27200,27200,26800,27000,35700,0.5555555555555556,27340.0,27142.5,27794.166666666668,98.75640087783466,99.47499309201436,97.14268581536892,507.9046222108656,28158.309244421733,26126.690755578267,27000.0,963900000.0,0.0,1.586564550068155,61.33867991140409,0.0,-100
722,722,2020-12-08,27150,27250,26850,26900,46839,-0.3717472118959107,27180.0,27137.5,27755.0,98.96983075791024,99.12482726853985,96.9194739686543,509.8696943956977,28157.2393887914,26117.760611208603,26966.666666666668,0.0,1263091700.0,1.2464443070287017,55.48520847495804,0.0,-100
723,723,2020-12-09,26950,27400,26950,27000,56508,0.3703703703703704,27010.0,27140.0,27711.666666666668,99.96297667530544,99.48415622697128,97.43188789318576,509.0238335853233,28158.04766717065,26121.952332829354,26966.666666666668,0.0,1523832400.0,1.005608663667472,50.13982447745354,0.0,-100
724,724,2020-12-10,27000,27250,26850,27050,24802,0.1848428835489833,26960.0,27130.0,27673.33333333333,100.33382789317508,99.70512347954296,97.74753071549026,508.7135477694837,28147.42709553897,26112.572904461034,26966.666666666668,0.0,668827266.0,0.8590283420069259,46.2084586122854,0.0,-100
725,725,2020-12-11,27250,27700,27100,27650,47341,2.16998191681736,27120.0,27160.0,27642.5,101.95427728613568,101.8041237113402,100.0271321334901,521.2838402495012,28202.567680499003,26117.432319501,27333.33333333333,1293987333.0,0.0,0.7670045258877806,43.407049311456696,0.0,-100
726,726,2020-12-14,27400,27900,27300,27500,62218,-0.5454545454545455,27220.0,27185.0,27585.83333333333,101.02865540044084,101.15872723928636,99.68884995317644,525.1816728273069,28235.36334565461,26134.636654345388,27400.0,1704773200.0,0.0,1.0288032402261156,50.70985790181667,0.0,-100
727,727,2020-12-15,27400,27600,27200,27250,38224,-0.9174311926605504,27290.0,27242.5,27535.0,99.85342616342984,100.02753051298524,98.9649536952969,458.91032262363706,28160.32064524728,26324.679354752727,27283.33333333333,0.0,1042878133.0,1.1053416830656568,52.501771658086994,0.0,-100
728,728,2020-12-16,27350,27700,27100,27250,36421,0.0,27340.0,27257.5,27490.83333333333,99.67081199707388,99.9724846372558,99.12395040771167,453.7200040832093,28164.940008166417,26350.059991833583,27233.33333333333,0.0,991865233.0,1.112957548397906,52.67297249969724,0.0,-100
729,729,2020-12-17,27250,27350,27050,27150,43683,-0.3683241252302026,27360.0,27267.5,27446.666666666668,99.23245614035088,99.5690840744476,98.91911586106389,448.7629194739034,28165.025838947808,26369.974161052192,27150.0,0.0,1185993450.0,0.9521687521391984,48.77492025706313,0.0,-100
730,730,2020-12-18,27250,27900,27200,27700,64809,1.985559566787004,27370.0,27285.0,27396.666666666668,101.2056996711728,101.52098222466556,101.10719065579754,458.8601438117628,28202.720287623524,26367.27971237648,27383.33333333333,1774686450.0,0.0,0.6786531578056973,40.42843244001754,0.0,-100
731,731,2020-12-21,27700,28650,27650,28550,157278,2.9772329246935203,27580.0,27360.0,27384.166666666668,103.51704133430022,104.34941520467837,104.25732631386752,534.7404682844352,28429.48093656887,26290.51906343113,27966.666666666668,4398541400.0,0.0,0.8051129202956664,44.60180364582366,1.0,-100
732,732,2020-12-22,28250,29100,28150,28200,142613,-1.2411347517730498,27770.0,27415.0,27380.0,101.5484335613972,102.86339595112165,102.99488677867058,562.4429795660732,28539.885959132145,26290.11404086785,28200.0,4021686600.0,0.0,1.3017586729879091,56.55495896527234,0.0,-100
733,733,2020-12-23,28200,29100,28100,28650,151256,1.5706806282722512,28050.0,27510.0,27397.5,102.1390374331551,104.14394765539802,104.57158499863128,603.1932569775314,28716.38651395506,26303.61348604494,28316.666666666668,4283065733.0,0.0,2.055005132429902,67.26683076945878,0.0,-100
734,734,2020-12-24,28450,29000,28250,28350,91771,-1.058201058201058,28290.0,27582.5,27408.33333333333,100.2120890774125,102.78256140668904,103.43569474004258,613.0757229782205,28808.65144595644,26356.34855404356,28350.0,2601707850.0,0.0,3.1517091010107325,75.91353402490194,0.0,-100
735,735,2020-12-28,28350,28600,27700,27900,69037,-1.6129032258064515,28330.0,27625.0,27391.666666666668,98.4821743734557,100.99547511312215,101.8557955582598,603.6075755515021,28832.215151103,26417.784848897,27983.33333333333,0.0,1931885383.0,2.33243230145531,69.99188852048731,0.0,-100
736,736,2020-12-29,27550,27700,27000,27400,95885,-1.824817518248175,28100.0,27560.0,27367.5,97.50889679715304,99.41944847605224,100.11875399652872,549.305781969631,28658.611563939263,26461.388436060737,27316.666666666668,0.0,2619258583.0,2.0149899205868524,66.8323932636778,0.0,-100
737,737,2020-12-30,27600,27900,27250,27250,116996,-0.5504587155963303,27910.0,27537.5,27339.166666666668,97.63525618058044,98.95596913300044,99.67385009296795,552.4764819952966,28642.452963990592,26432.547036009408,27366.666666666668,3201790533.0,0.0,2.758090786532557,73.39074394946533,0.0,-100
738,738,2021-01-04,27400,27400,26900,27000,82124,-0.9259259259259258,27580.0,27495.0,27302.5,97.89702683103698,98.19967266775778,98.89204285321856,559.8166993240822,28614.63339864817,26375.36660135184,27100.0,0.0,2225560400.0,2.328619761316041,69.95751777894185,0.0,-100
739,739,2021-01-05,27000,27250,26850,27000,61923,0.0,27310.0,27480.0,27265.83333333333,98.86488465763456,98.2532751091703,99.02503132736332,569.2562090824763,28618.51241816495,26341.48758183505,26950.0,0.0,1668824850.0,1.884600583056548,65.33315545057572,0.0,-100
740,740,2021-01-06,27050,27300,27000,27050,86185,0.1848428835489833,27140.0,27490.0,27230.0,99.66838614591008,98.39941797017096,99.3389643775248,559.2758475781116,28608.551695156224,26371.448304843776,27033.33333333333,2329867833.0,0.0,1.938181963018688,65.96534821238232,0.0,-100
741,741,2021-01-07,27200,27550,27150,27350,69402,1.0968921389396709,27130.0,27507.5,27195.0,100.81091043125691,99.4274288830319,100.56995771281484,548.5087438731198,28604.51748774624,26410.48251225376,27233.33333333333,1890047800.0,0.0,2.3063635096395534,69.75529166455699,0.0,-100
742,742,2021-01-08,27500,28150,27300,27700,273719,1.263537906137184,27220.0,27547.5,27169.166666666668,101.7634092578986,100.55358925492332,101.9538079317854,530.7578990165155,28609.01579803303,26485.98420196697,27500.0,7527272500.0,0.0,3.3254001272367457,76.88075159329031,0.0,-100
743,743,2021-01-11,27800,28000,26400,26650,193028,-3.9399624765478425,27150.0,27530.0,27137.5,98.158379373849,96.8034871049764,98.20359281437123,554.9774770204684,28639.95495404093,26420.045045959065,26950.0,0.0,5202104600.0,2.346829284168713,70.12097376074021,0.0,-100
744,744,2021-01-12,26750,27150,26000,26500,123945,-0.5660377358490566,27050.0,27502.5,27120.0,97.96672828096118,96.35487682937914,97.71386430678466,592.3803454573887,28687.260690914776,26317.739309085224,26416.666666666668,0.0,3274213750.0,1.787865073893433,64.13025833407943,0.0,-100
745,745,2021-01-13,26650,26900,26450,26500,59199,0.0,26940.0,27445.0,27108.33333333333,98.3667409057164,96.5567498633631,97.75591761450968,631.8102646572944,28708.62052931459,26181.37947068541,26533.33333333333,1570746800.0,0.0,1.620755980812976,61.84307095657973,0.0,-100
746,746,2021-01-14,26450,26700,26200,26350,92923,-0.5692599620493358,26740.0,27387.5,27085.83333333333,98.54151084517576,96.21177544500227,97.28332769282837,677.2380052754557,28741.976010550912,26033.023989449088,26333.33333333333,0.0,2446972333.0,1.2083595784897747,54.71751929620685,0.0,-100
747,747,2021-01-15,26500,26550,25750,25750,131325,-2.3300970873786406,26350.0,27312.5,27058.33333333333,97.72296015180264,94.279176201373,95.1647674776717,769.9752217476013,28852.450443495203,25772.5495565048,26000.0,0.0,3414450000.0,0.83927519626317,45.63075704866318,1.0,-100
748,748,2021-01-18,25750,25850,25500,25550,55751,-0.7827788649706457,26130.0,27227.5,27030.0,97.7803291236127,93.83894959140576,94.52460229374768,865.185559652716,28957.87111930544,25497.128880694567,25600.0,0.0,1427225600.0,0.6823373551640997,40.558889872450266,0.0,-100
749,749,2021-01-19,25400,25750,25000,25550,91200,0.0,25940.0,27147.5,27012.5,98.49653045489592,94.11548024679988,94.5858398889403,943.1853922800811,29033.870784560164,25261.12921543984,25316.666666666668,0.0,2308880000.0,0.6718752254932274,40.18692395510643,0.0,-100
750,750,2021-01-20,25750,26050,25650,25700,29604,0.5836575875486382,25780.0,27047.5,26998.33333333333,99.68968192397207,95.01802384693596,95.19106117661585,986.5510096983564,29020.602019396712,25074.397980603288,25700.0,760822800.0,0.0,0.7866153559079935,44.028243309720125,0.0,-100
751,751,2021-01-21,25900,26200,25750,26000,49502,1.153846153846154,25710.0,26920.0,26991.666666666668,101.12796577207313,96.58246656760772,96.32602655140477,946.1000280931712,28812.200056186342,25027.799943813658,25883.33333333333,1281276766.0,0.0,0.6991930359039884,41.14853469441218,0.0,-100
752,752,2021-01-22,26000,26200,25800,25850,37700,-0.5802707930367506,25730.0,26802.5,26985.83333333333,100.46638165565489,96.44622703106054,95.7910014513788,924.4450682493424,28651.390136498685,24953.609863501315,25883.33333333333,0.0,975801666.0,0.7413690501232971,42.57391907079116,0.0,-100
753,753,2021-01-25,25850,26350,25850,26150,40963,1.147227533460803,25850.0,26677.5,26985.0,101.1605415860735,98.02267828694592,96.90568834537706,825.1754199467017,28327.850839893403,25027.1491601066,25950.0,1062989850.0,0.0,0.8621169479335242,46.29768011564765,0.0,-100
754,754,2021-01-26,26350,26350,25800,25850,49687,-1.160541586073501,25910.0,26552.5,26978.33333333333,99.76842917792358,97.35429808869222,95.81763143263112,743.8298829281109,28040.15976585622,25064.84023414378,26000.0,1291862000.0,0.0,0.8076274457768984,44.67886608292723,0.0,-100
755,755,2021-01-27,25800,26050,25450,25500,84515,-1.3725490196078431,25870.0,26432.5,26975.0,98.56977193660612,96.47214603234654,94.53197405004634,707.7159332000856,27847.93186640017,25017.06813359983,25583.33333333333,0.0,2162175416.0,0.6362004097331404,38.88279247142487,0.0,-100
756,756,2021-01-28,25300,25500,25050,25200,50512,-1.1904761904761905,25710.0,26322.5,26960.0,98.01633605600934,95.73558742520656,93.47181008902076,720.2841179189783,27763.06823583796,24881.931764162044,25183.33333333333,0.0,1272060533.0,0.2654211453445035,20.97492572500392,0.0,-100
757,757,2021-01-29,25350,25500,24350,24450,114587,-3.067484662576687,25430.0,26182.5,26931.666666666668,96.1462839166339,93.3829848181037,90.78532087381645,798.3988912026928,27779.297782405385,24585.70221759461,24716.666666666668,0.0,2832208683.0,0.2966939336762647,22.88079908225573,1.0,-100
758,758,2021-02-01,24450,25450,23800,25350,56688,3.5502958579881656,25270.0,26100.0,26905.83333333333,100.3165809259992,97.1264367816092,94.21748691423794,794.7194142390293,27689.43882847805,24510.561171521946,24533.33333333333,0.0,1390745600.0,0.3273465743885293,24.66172593539322,0.0,-100
759,759,2021-02-02,25350,25600,24850,25150,31472,-0.7952286282306162,25130.0,26007.5,26871.666666666668,100.07958615200955,96.70287417091224,93.593003783415,792.1116016532577,27591.72320330652,24423.276796693484,25116.666666666668,790471733.0,0.0,0.2845460906813568,22.151489366210768,0.0,-100
760,760,2021-02-03,25450,25600,25200,25500,25560,1.3725490196078431,25130.0,25930.0,26851.666666666668,101.47234381217667,98.3416891631315,94.9661721804978,759.9168929629947,27449.83378592599,24410.16621407401,25383.33333333333,648798000.0,0.0,0.3697661219532258,26.99483627365201,0.0,-100
761,761,2021-02-04,25450,26500,25350,26300,139543,3.041825095057034,25350.0,25877.5,26842.5,103.74753451676528,101.63269249347888,97.978951289932,689.6747898752562,27256.84957975052,24498.150420249487,25700.0,3586255100.0,0.0,0.7617755661254632,43.23908111637496,0.0,-100
762,762,2021-02-05,26300,26650,26000,26400,91475,0.3787878787878788,25740.0,25812.5,26832.5,102.56410256410255,102.27602905569006,98.3881487002702,557.4554501907515,26927.410900381503,24697.589099618497,26233.33333333333,2399694166.0,0.0,1.080452277746087,51.93352855546504,0.0,-100
763,763,2021-02-08,26500,26650,25850,25950,40452,-1.7341040462427744,25860.0,25777.5,26815.83333333333,100.34802784222738,100.669188245563,96.77118617732062,523.0163024529772,26823.532604905955,24731.467395094045,26100.0,0.0,1055797200.0,1.2201907065394149,54.9588241652138,0.0,-100
764,764,2021-02-09,25950,26200,25850,25900,27959,-0.193050193050193,26010.0,25747.5,26793.33333333333,99.57708573625528,100.5922905136421,96.66583727295348,495.89764436243865,26739.29528872488,24755.704711275124,25900.0,0.0,724138100.0,1.0622707145330412,51.50976091776441,0.0,-100
765,765,2021-02-10,25900,26000,25450,25600,23200,-1.171875,26030.0,25702.5,26769.166666666668,98.34805993084902,99.60120610835524,95.63241291286616,463.815696155278,26630.131392310555,24774.868607689445,25650.0,0.0,595080000.0,0.8884506226319421,47.046537091539335,0.0,-100
766,766,2021-02-15,25600,26150,25600,26100,27585,1.9157088122605364,25990.0,25690.0,26754.166666666668,100.42323970757984,101.59595173219152,97.55489799096712,448.5649633172376,26587.12992663448,24792.870073365524,25766.666666666668,710773500.0,0.0,1.0457166488004126,51.11737490202322,0.0,-100
767,767,2021-02-16,26150,26400,25950,26100,43445,0.0,25930.0,25707.5,26754.166666666668,100.65561126108756,101.52679179227852,97.55489799096712,457.7620043555212,26623.024008711043,24791.97599128896,26066.666666666668,1132466333.0,0.0,1.0526419936588676,51.28229846757233,0.0,-100
768,768,2021-02-17,26200,26500,26050,26450,49343,1.3232514177693762,26030.0,25752.5,26745.83333333333,101.6135228582405,102.708474905349,98.89390870852158,484.8968962573439,26722.293792514687,24782.70620748532,26233.33333333333,1294431366.0,0.0,1.05289810543726,51.28837630316759,0.0,-100
769,769,2021-02-18,26600,26600,26150,26200,20189,-0.9541984732824428,26090.0,25785.0,26733.33333333333,100.4216174779609,101.60946286600736,98.00498753117208,492.3359999452717,26769.671999890543,24800.328000109457,26316.666666666668,531307183.0,0.0,1.4096766108232768,58.50065541955252,0.0,-100
770,770,2021-02-19,26250,26250,25600,25700,44226,-1.9455252918287933,26110.0,25785.0,26705.83333333333,98.42972041363464,99.6703509792515,96.23365681655068,492.3359999452717,26769.671999890543,24800.328000109457,25850.0,0.0,1143242100.0,1.4331344801438883,58.90075093831793,0.0,-100
771,771,2021-02-22,25700,25950,25650,25850,14505,0.5802707930367506,26060.0,25777.5,26685.83333333333,99.1941673062164,100.28125303074388,96.8678762139712,490.02550954007006,26757.55101908014,24797.44898091986,25733.33333333333,0.0,373262000.0,2.100272777113606,67.74477370565396,0.0,-100
772,772,2021-02-23,25700,25800,25350,25450,28888,-1.5717092337917484,25930.0,25757.5,26658.33333333333,98.14886232163516,98.80617295933224,95.4673335417318,495.0478445777316,26747.595689155463,24767.404310844537,25500.0,0.0,736644000.0,2.397105811130177,70.56317772841724,0.0,-100
773,773,2021-02-24,25450,25600,24700,25000,41926,-1.7999999999999998,25640.0,25700.0,26629.166666666668,97.50390015600624,97.27626459143968,93.88202159286496,513.501908980211,26727.003817960423,24672.996182039577,25050.0,0.0,1050246300.0,1.8145442460765029,64.4702689824824,0.0,-100
774,774,2021-02-25,25150,25400,24900,25300,32318,1.185770750988142,25460.0,25672.5,26602.5,99.37156323644932,98.54903106436848,95.10384362371956,519.7355096585235,26711.971019317047,24633.02898068296,25116.666666666668,811720433.0,0.0,1.8432358061448084,64.82880534077415,0.0,-100
775,775,2021-02-26,24850,25500,24550,25500,39062,0.7843137254901961,25420.0,25672.5,26576.666666666668,100.3147128245476,99.32807478819748,95.94882729211088,519.7355096585235,26711.971019317047,24633.02898068296,24966.666666666668,0.0,975247933.0,1.034076798132123,50.83764777621512,0.0,-100
776,776,2021-03-02,25550,25550,24650,24700,62239,-3.238866396761133,25190.0,25647.5,26510.0,98.05478364430328,96.30568281508918,93.1723877781969,554.5208932516761,26756.541786503352,24538.458213496648,24966.666666666668,0.0,1553900366.0,0.5459235031352716,35.31374625122716,0.0,-100
777,777,2021-03-03,24700,24950,24450,24700,19275,0.0,25040.0,25660.0,26460.0,98.64217252396166,96.25876851130164,93.34845049130764,528.3041388801529,26716.608277760304,24603.391722239696,24616.666666666668,0.0,474486250.0,0.5875365413958805,37.00932394786168,0.0,-100
778,778,2021-03-04,24700,24750,24000,24350,50545,-1.4373716632443532,24910.0,25610.0,26401.666666666668,97.75190686471296,95.0800468566966,92.22902594533171,601.4456268901356,26812.89125378027,24407.10874621973,24350.0,0.0,1230770750.0,0.5509363203234072,35.52282018958225,1.0,1
779,779,2021-03-05,24100,24400,24100,24400,21779,0.2049180327868852,24730.0,25572.5,26353.33333333333,98.66558835422563,95.41499657835566,92.58790791803692,652.82281790617,26878.14563581234,24266.85436418766,24200.0,0.0,527051800.0,0.555583548631439,35.71544255017524,0.0,-100
780,780,2021-03-08,24550,24800,24300,24350,16721,-0.2053388090349076,24500.0,25515.0,26311.666666666668,99.3877551020408,95.43405839702136,92.54449863811996,707.8693010495836,26930.73860209917,24099.26139790083,24400.0,407992400.0,0.0,0.5180402535022548,34.12559398916396,0.0,-100
781,781,2021-03-09,24100,24450,23450,23500,76980,-3.617021276595744,24260.0,25375.0,26253.33333333333,96.86727122835944,92.61083743842364,89.51244286439818,813.4559154101681,27001.911830820336,23748.088169179664,23683.33333333333,0.0,1823143000.0,0.3079948499473776,23.5470995898622,1.0,-100
782,782,2021-03-10,23550,23900,23450,23450,29626,-0.2132196162046908,24010.0,25227.5,26195.83333333333,97.667638483965,92.9541175304727,89.51805312549706,882.352567079387,26992.20513415877,23462.794865841228,23483.33333333333,0.0,695717233.0,0.1654447948261635,14.195849993121383,1.0,-100
783,783,2021-03-11,23350,23800,23300,23800,11103,1.4705882352941175,23900.0,25120.0,26142.5,99.581589958159,94.7452229299363,91.03949507506933,919.8684116420388,26959.73682328408,23280.26317671592,23483.33333333333,0.0,260735450.0,0.1124734910438332,10.110217632089316,0.0,-100
784,784,2021-03-12,23850,24350,23850,24200,28735,1.6528925619834711,23860.0,25035.0,26095.0,101.42497904442584,96.66466946275214,92.73807242766814,922.539401526258,26880.078803052515,23189.921196947485,23966.666666666668,688682166.0,0.0,0.1967173132481151,16.43807698529801,0.0,-100
785,785,2021-03-15,24350,24350,24050,24150,22801,-0.2070393374741201,23820.0,24962.5,26036.666666666668,101.3853904282116,96.74511767651477,92.7538087312764,932.7202717123516,26827.940543424706,23097.05945657529,24183.33333333333,551404183.0,0.0,0.2637022074830881,20.867432684817658,0.0,-100
786,786,2021-03-16,24250,24350,24100,24350,34385,0.8213552361396305,23990.0,24875.0,25984.166666666668,101.5006252605252,97.8894472361809,93.71091369744396,901.971524816029,26678.943049632056,23071.056950367944,24233.33333333333,833263166.0,0.0,0.3833020264536519,27.70920732591688,0.0,-100
787,787,2021-03-17,24400,24700,24300,24700,29377,1.417004048582996,24240.0,24805.0,25941.666666666668,101.8976897689769,99.5766982463213,95.21362030195952,855.0007694671853,26515.00153893437,23094.99846106563,24466.666666666668,718757266.0,0.0,0.5319972860521479,34.725732930184776,0.0,-100
788,788,2021-03-18,24850,25200,24450,24450,52553,-1.0224948875255624,24370.0,24705.0,25895.0,100.3282724661469,98.9678202792957,94.41977215678703,764.6636687562676,26234.32733751253,23175.672662487465,24583.33333333333,1291927916.0,0.0,0.5956763898698832,37.33065135584644,0.0,-100
789,789,2021-03-19,24550,24700,24300,24700,13210,1.0121457489878545,24470.0,24630.0,25854.166666666668,100.93992644053944,100.28420625253756,95.535858178888,679.0860731430497,25988.1721462861,23271.8278537139,24516.666666666668,0.0,323865166.0,0.6519945203790721,39.46711156338844,0.0,-100
790,790,2021-03-22,24850,24850,24200,24350,33363,-1.4373716632443532,24510.0,24562.5,25798.33333333333,99.34720522235824,99.13486005089058,94.38594224433103,632.6375448532121,25827.775089706425,23297.22491029357,24466.666666666668,0.0,816281400.0,0.7301673964051659,42.202124367980936,0.0,-100
791,791,2021-03-23,24350,24450,23850,23900,47435,-1.882845188284519,24420.0,24465.0,25720.83333333333,97.87059787059788,97.69057837727364,92.92078405961446,571.033227902218,25607.06645580444,23322.933544195563,24033.33333333333,0.0,1140021166.0,0.6588882223210808,39.718662984970656,0.0,-100
792,792,2021-03-24,24000,24600,23800,24200,72355,1.2396694214876034,24320.0,24402.5,25654.166666666668,99.50657894736842,99.170166991087,94.33165502679876,524.0216447920179,25450.543289584035,23354.456710415965,24000.0,0.0,1736520000.0,0.6133854268747959,38.01853026917149,0.0,-100
793,793,2021-03-25,24400,24450,24150,24150,20060,-0.2070393374741201,24260.0,24360.0,25579.166666666668,99.54657873042044,99.13793103448276,94.4127708095781,507.21115710790735,25374.42231421581,23345.577685784185,24233.33333333333,486120666.0,0.0,0.7324808956631776,42.27930579187084,0.0,-100
794,794,2021-03-26,24200,24350,23950,24050,44090,-0.4158004158004158,24130.0,24297.5,25507.5,99.66846249481974,98.98137668484412,94.28599431539745,460.1129723974608,25217.72594479492,23377.27405520508,24066.666666666668,0.0,1061099333.0,0.5816383787799159,36.77442243331214,0.0,-100
795,795,2021-03-29,24150,24300,23900,24000,40946,-0.2083333333333333,24060.0,24222.5,25442.5,99.75062344139651,99.08143255237898,94.330352756215,366.5181118523272,24955.53622370465,23489.463776295343,24016.666666666668,0.0,983386433.0,0.6512394996720615,39.43943321374026,0.0,-100
796,796,2021-03-30,23950,24200,23900,23950,41162,-0.208768267223382,24070.0,24185.0,25385.0,99.501454092231,99.0283233409138,94.34705534764625,353.218286467083,24891.43657293417,23478.56342706584,23933.33333333333,0.0,985143866.0,0.625444413682597,38.478363727344814,0.0,-100
797,797,2021-03-31,24050,24700,23950,24300,41737,1.440329218106996,24090.0,24165.0,25335.83333333333,100.87173100871732,100.5586592178771,95.9115876722692,333.2850842273421,24831.570168454684,23498.42983154532,24100.0,1005861700.0,0.0,0.7913377690718502,44.17579882111612,0.0,-100
798,798,2021-04-01,24400,25800,24350,25200,319720,3.571428571428571,24300.0,24207.5,25305.83333333333,103.7037037037037,104.09996901786636,99.58178285639016,404.66848029884153,25016.836960597684,23398.16303940232,24650.0,7881098000.0,0.0,1.8120717869215748,64.43903016093633,1.0,-100
799,799,2021-04-02,25950,25950,25200,25200,69966,0.0,24530.0,24247.5,25275.83333333333,102.73134936812068,103.9282400247448,99.69997692130164,460.3988545415414,25168.297709083083,23326.70229091692,25450.0,1780634700.0,0.0,1.9865218511892164,66.5162336045924,1.0,-100
800,800,2021-04-05,25300,25300,24600,24600,44130,-2.4390243902439024,24650.0,24260.0,25235.0,99.79716024340772,101.40148392415496,97.483653655637,466.67919782674704,25193.358395653493,23326.641604346507,24833.33333333333,0.0,1095895000.0,1.6168087565739644,61.78551460867007,0.0,-100
801,801,2021-04-06,24600,24900,24600,24750,18265,0.6060606060606061,24810.0,24322.5,25191.666666666668,99.75816203143891,101.75763182238668,98.24677472709229,442.6222697562969,25207.744539512594,23437.25546048741,24650.0,0.0,450232250.0,1.4484402915698562,59.15767260312342,0.0,-100
802,802,2021-04-07,24800,25100,24700,24700,43412,-0.2024291497975708,24890.0,24385.0,25141.666666666668,99.23664122137404,101.29177773221242,98.24328803447132,399.0449123911601,25183.08982478232,23586.91017521768,24733.33333333333,1073723466.0,0.0,1.4230453708223345,58.72962132522432,0.0,-100
803,803,2021-04-08,24700,25400,24650,24900,78631,0.8032128514056224,24830.0,24440.0,25112.5,100.28191703584376,101.8821603927987,99.15380786460926,389.8717737923656,25219.74354758473,23660.25645241527,24750.0,1946117250.0,0.0,1.714146410654407,63.15600381488299,0.0,-100
804,804,2021-04-09,25050,25400,24900,25200,38277,1.1904761904761905,24830.0,24490.0,25090.83333333333,101.49013290374546,102.89914250714578,100.43508585472782,420.4008112566728,25330.801622513347,23649.198377486653,25050.0,958838850.0,0.0,2.0305675557435783,67.00288043060499,0.0,-100
805,805,2021-04-12,25300,26000,25300,25500,62572,1.1764705882352942,25010.0,24557.5,25074.166666666668,101.95921631347464,103.83793138552376,101.6982950579946,468.5574165794244,25494.61483315885,23620.38516684115,25366.666666666668,1587243066.0,0.0,2.648749098075448,72.5933471137422,1.0,-100
806,806,2021-04-13,25500,25700,25100,25500,36818,0.0,25160.0,24615.0,25060.0,101.35135135135135,103.5953686776356,101.755786113328,510.4435635591388,25635.88712711828,23594.112872881724,25366.666666666668,0.0,933949933.0,3.0345784738457087,75.21426323759636,0.0,-100
807,807,2021-04-14,25500,25850,25350,25700,30706,0.7782101167315175,25360.0,24665.0,25059.166666666668,101.34069400630914,104.19622947496453,102.55728110139336,565.2433104425078,25795.48662088501,23534.513379114986,25516.666666666668,783514766.0,0.0,3.0885548667801483,75.54148023975209,0.0,-100
808,808,2021-04-15,25600,25800,25400,25750,49198,0.1941747572815534,25530.0,24730.0,25062.5,100.8617312965139,104.12454508693894,102.7431421446384,612.0285511056052,25954.05710221121,23505.94289778879,25583.33333333333,1258648833.0,0.0,4.108180077686611,80.42355624132814,0.0,-100
809,809,2021-04-16,25750,26750,25650,26500,182377,2.830188679245284,25790.0,24820.0,25078.33333333333,102.75300504071345,106.76873489121677,105.66890410048516,728.6252375824698,26277.25047516494,23362.74952483506,25966.666666666668,4735722766.0,0.0,6.640674020966332,86.91214940912336,1.0,-100
810,810,2021-04-19,26500,26650,26300,26650,55135,0.5628517823639775,26020.0,24935.0,25094.166666666668,102.42121445042277,106.87788249448566,106.19998007505065,825.5938851262769,26586.18777025256,23283.812229747447,26483.33333333333,1460158583.0,0.0,9.86725822395504,90.7980469462328,1.0,-100
811,811,2021-04-20,26500,26700,26250,26650,51994,0.0,26250.0,25072.5,25105.0,101.52380952380952,106.29175391365042,106.15415255925112,871.8514781773357,26816.20295635467,23328.79704364533,26466.666666666668,0.0,1376107866.0,6.085211156058294,85.88609459938343,0.0,-100
812,812,2021-04-21,26700,26700,26200,26350,40953,-1.1385199240986716,26380.0,25180.0,25113.33333333333,99.88627748294162,104.64654487688642,104.92434297849748,890.9486369506469,26961.897273901293,23398.102726098707,26416.666666666668,0.0,1081841750.0,3.1560384166315254,75.93862472497304,0.0,-100
813,813,2021-04-22,26350,26350,25850,26150,36076,-0.7648183556405354,26460.0,25280.0,25113.33333333333,98.82842025699168,103.44145569620254,104.12795327847093,881.4461801046378,27042.89236020928,23517.107639790724,26116.666666666668,0.0,942184866.0,2.3475290289571573,70.12721946995255,0.0,-100
814,814,2021-04-23,26000,26200,25700,26100,24930,-0.1915708812260536,26380.0,25382.5,25117.5,98.93858984078848,102.82675071407463,103.91161540758436,849.5006273037583,27081.50125460752,23683.498745392484,25933.33333333333,0.0,646518000.0,2.541776436127245,71.76558097231428,0.0,-100
815,815,2021-04-26,26000,26300,25950,26100,25090,0.0,26270.0,25487.5,25127.5,99.35287400076132,102.40313879352624,103.87026166550592,797.8383624717377,27083.176724943474,23891.82327505653,26016.666666666668,652758166.0,0.0,2.902605857970295,74.37609545023105,0.0,-100
816,816,2021-04-27,26300,26850,26300,26850,100887,2.793296089385475,26310.0,25632.5,25155.0,102.05245153933866,104.74982931824832,106.73822301729278,766.6185148875717,27165.737029775144,24099.262970224856,26483.33333333333,2671824050.0,0.0,3.223470775673228,76.32279106179921,0.0,-100
817,817,2021-04-28,27050,27100,26550,26850,84155,0.0,26410.0,25760.0,25195.0,101.66603559257857,104.23136645962734,106.56876364358008,745.0891857602329,27250.178371520466,24269.82162847953,26816.666666666668,2256756583.0,0.0,3.2858406070945136,76.66735439613265,0.0,-100
818,818,2021-04-29,27100,27200,26500,26800,57046,-0.1865671641791044,26540.0,25840.0,25219.166666666668,100.97965335342876,103.71517027863776,106.268380530681,767.3604793466775,27374.72095869336,24305.279041306647,26800.0,0.0,1528832800.0,2.3668146780995345,70.29833550076864,0.0,-100
819,819,2021-04-30,26950,27150,26500,27100,84902,1.107011070110701,26740.0,25935.0,25251.666666666668,101.3462976813762,104.49199922884134,107.3196488680615,800.8383764925121,27536.676752985026,24333.32324701497,26850.0,2279618700.0,0.0,2.473179610099246,71.20793876906858,0.0,-100
820,820,2021-05-03,27150,27350,26800,27050,53603,-0.1848428835489833,26930.0,26057.5,25277.5,100.44559970293354,103.80888419840736,107.0121649688458,772.7726907564422,27603.04538151289,24511.954618487114,27000.0,1447281000.0,0.0,3.1470414788192063,75.88642396977588,0.0,-100
821,821,2021-05-04,27050,27150,26400,26750,55731,-1.1214953271028036,26910.0,26157.5,25285.0,99.40542549238202,102.2651247252222,105.79394898160966,722.4364841868212,27602.37296837364,24712.62703162636,26733.33333333333,0.0,1489875400.0,2.372528372642817,70.3486556818388,0.0,-100
822,822,2021-05-06,26650,26800,26400,26700,32743,-0.1872659176029962,26880.0,26257.5,25290.0,99.33035714285714,101.68523279063125,105.5753262158956,644.2611026758152,27546.02220535163,24968.97779464837,26583.33333333333,0.0,870418083.0,1.9536985980984565,66.14414210563719,0.0,-100
823,823,2021-05-07,26550,26750,26500,26600,30617,-0.3759398496240601,26840.0,26342.5,25300.83333333333,99.10581222056632,100.977507829553,105.1348769803366,562.717794093521,27467.935588187043,25217.06441181296,26550.0,0.0,812881350.0,1.2308624338413905,55.17428664222611,0.0,-100
824,824,2021-05-10,26500,26850,26450,26850,45332,0.931098696461825,26790.0,26425.0,25316.666666666668,100.22396416573348,101.60832544938503,106.05661619486504,504.3234133600802,27433.64682672016,25416.35317327984,26600.0,1205831200.0,0.0,1.201791995664927,54.582449115589306,0.0,-100
825,825,2021-05-11,26650,26800,26200,26500,47323,-1.3207547169811322,26680.0,26475.0,25331.666666666668,99.32533733133432,100.09442870632672,104.6121455358905,454.9436055276859,27384.88721105537,25565.11278894463,26450.0,0.0,1251693350.0,1.2191292071064312,54.9372791454572,0.0,-100
826,826,2021-05-12,26500,26550,26100,26450,38573,-0.1890359168241966,26620.0,26522.5,25337.5,99.36138241923366,99.72664718635122,104.39072520966944,393.1903918085115,27308.880783617024,25736.119216382976,26350.0,0.0,1016398550.0,1.228451038924377,55.12578097822256,0.0,-100
827,827,2021-05-13,26000,26550,26000,26350,31499,-0.3795066413662239,26550.0,26555.0,25341.666666666668,99.2467043314501,99.22801732253814,103.97895429135151,345.611586063108,27246.22317212621,25863.776827873786,26116.666666666668,0.0,822648883.0,1.245851141642641,55.47345140299064,0.0,-100
828,828,2021-05-14,26350,26650,26250,26600,37869,0.9398496240601504,26550.0,26597.5,25344.166666666668,100.18832391713748,100.00939937964095,104.95511787722356,289.0433404034479,27175.586680806897,26019.413319193103,26400.0,999741600.0,0.0,1.4775032741157084,59.63678391678701,0.0,-100
829,829,2021-05-17,26500,26650,26200,26250,27582,-1.3333333333333337,26430.0,26585.0,25345.0,99.3189557321226,98.73989091593003,103.57072400868022,298.7253623401731,27182.450724680348,25987.54927531965,26316.666666666668,0.0,725866300.0,1.2749787958598875,56.043546347779305,0.0,-100
830,830,2021-05-18,26200,26300,25750,25900,52161,-1.351351351351351,26310.0,26547.5,25348.33333333333,98.4416571645762,97.5609756097561,102.17634295482938,335.0078553674514,27217.515710734904,25877.484289265096,25950.0,0.0,1353577950.0,0.8295248441821689,45.34099915724192,0.0,-100
831,831,2021-05-20,25850,26000,25450,26000,33912,0.3846153846153846,26220.0,26515.0,25350.83333333333,99.16094584286805,98.05770318687536,102.5607310739292,355.4463465323035,27225.89269306461,25804.10730693539,25766.666666666668,0.0,873799200.0,0.5520637437638649,35.56965659316744,0.0,-100
832,832,2021-05-21,26000,26000,25400,25450,49602,-2.161100196463654,26040.0,26470.0,25350.83333333333,97.7342549923195,96.14658103513412,100.39117714736533,427.1693858535872,27324.33877170717,25615.661228292825,25616.666666666668,0.0,1270637900.0,0.5656547813837608,36.1289594685632,1.0,1
833,833,2021-05-24,25450,25600,25000,25100,54321,-1.394422310756972,25740.0,26417.5,25352.5,97.51359751359752,95.01277562222012,99.0040429937876,522.4625395788318,27462.425079157663,25372.574920842337,25183.33333333333,0.0,1367983850.0,0.3081073998154792,23.553677615380863,1.0,-100
834,834,2021-05-25,25100,25300,25000,25000,33312,-0.4,25490.0,26362.5,25347.5,98.07767752059632,94.8316737790422,98.62905611993294,608.4654987408071,27579.430997481613,25145.569002518387,25033.33333333333,0.0,833910400.0,0.1738082324035645,14.807208503527336,1.0,-100
835,835,2021-05-26,25000,25200,24800,25100,28452,0.398406374501992,25330.0,26312.5,25340.83333333333,99.09198578760363,95.3919239904988,99.04962346673682,669.2248068513805,27650.94961370276,24974.05038629724,24966.666666666668,0.0,710351600.0,0.185184029994159,15.624917760246204,0.0,-100
836,836,2021-05-27,25050,26050,25050,25500,73167,1.568627450980392,25230.0,26245.0,25354.166666666668,101.07015457788349,97.16136406934656,100.57518488085456,680.1509120466568,27605.301824093312,24884.698175906688,25200.0,1843808400.0,0.0,0.3668001036849266,26.83641175443465,0.0,-100
837,837,2021-05-28,25750,25750,25250,25400,34635,-0.3937007874015747,25220.0,26172.5,25365.83333333333,100.7137192704203,97.04842869424014,100.13469562074972,689.4839794329824,27551.467958865964,24793.53204113404,25466.666666666668,882038000.0,0.0,0.4822022938203015,32.53282604073223,0.0,-100
838,838,2021-05-31,25600,27600,25400,26050,196844,2.495201535508637,25410.0,26135.0,25394.166666666668,102.51869342778434,99.67476563994644,102.5826141174154,673.7756928017891,27482.55138560358,24787.44861439642,25683.33333333333,5055610066.0,0.0,0.8586400137947298,46.19721987162377,0.0,-100
839,839,2021-06-01,26450,27100,26100,26800,102213,2.798507462686567,25770.0,26120.0,25434.166666666668,103.99689561505627,102.60336906584992,105.37007306444744,654.2170893518485,27428.434178703697,24811.565821296303,26450.0,2703533850.0,0.0,1.279610969771311,56.13286594684534,0.0,-100
840,840,2021-06-02,27350,27900,27000,27800,215102,3.597122302158273,26310.0,26157.5,25491.666666666668,105.6632459141011,106.27926980789448,109.05524681268388,727.6991498082043,27612.89829961641,24702.10170038359,27383.33333333333,5890209766.0,0.0,2.1831172910006846,68.58425535159506,1.0,-100
841,841,2021-06-03,28200,28750,27450,27850,170926,0.1795332136445242,26780.0,26212.5,25564.166666666668,103.99551904406272,106.24701955174058,108.94155230302832,811.5733582304672,27835.64671646093,24589.353283539065,27833.33333333333,4757440333.0,0.0,3.1014556488006546,75.61841244601976,1.0,-100
842,842,2021-06-04,27950,28000,27000,27350,80210,-1.828153564899452,27170.0,26245.0,25629.166666666668,100.66249539933752,104.21032577633837,106.71435538936758,844.4711830177351,27933.94236603547,24556.05763396453,27433.33333333333,0.0,2200427666.0,2.2634302179229544,69.35739595386659,0.0,-100
843,843,2021-06-07,28400,30500,27750,27900,454302,1.971326164874552,27540.0,26310.0,25697.5,101.30718954248366,106.04332953249715,108.5708726529818,919.897019408039,28149.79403881608,24470.20596118392,28016.666666666668,12728027700.0,0.0,3.932399581689853,79.72589236865117,0.0,-100
844,844,2021-06-08,27950,28100,27200,27350,98507,-2.010968921389397,27650.0,26335.0,25750.0,98.91500904159132,103.85418644389594,106.2135922330097,941.8766261816742,28218.75325236335,24451.24674763665,27500.0,0.0,2708942500.0,3.397600606867968,77.26032695105948,0.0,-100
845,845,2021-06-09,27400,27500,26850,27300,77409,-0.1831501831501831,27550.0,26375.0,25802.5,99.09255898366604,103.50710900473932,105.80370119174498,965.9328733351392,28306.86574667028,24443.13425332972,27183.33333333333,0.0,2104234650.0,3.0242220956509125,75.15047688146419,0.0,-100
846,846,2021-06-10,27050,27700,26950,26950,107529,-1.2987012987012987,27370.0,26400.0,25845.83333333333,98.46547314578004,102.08333333333331,104.27212639045624,974.4094027720232,28348.818805544048,24451.181194455952,26983.33333333333,0.0,2901490850.0,2.6397260938881515,72.52540509355345,0.0,-100
847,847,2021-06-11,27150,28100,26950,27700,197621,2.707581227436823,27440.0,26467.5,25895.83333333333,100.94752186588924,104.6566543874563,106.96701528559936,1016.608784662338,28500.717569324675,24434.282430675325,27266.666666666668,5388465933.0,0.0,3.42507278260914,77.40150164467185,0.0,-100
848,848,2021-06-14,28200,28650,27700,27800,162540,0.3597122302158274,27420.0,26527.5,25951.666666666668,101.38584974471188,104.7969088681557,107.12221437287263,1059.3537006863664,28646.20740137273,24408.792598627268,27900.0,4534866000.0,0.0,4.1206736010165805,80.47131924593914,0.0,-100
849,849,2021-06-15,27800,27950,27400,27600,65562,-0.7246376811594203,27470.0,26595.0,26000.0,100.47324353840554,103.77890580936268,106.15384615384616,1083.4763738225138,28761.952747645028,24428.04725235497,27600.0,0.0,1809511200.0,3.73436828615282,78.87785783533526,0.0,-100
850,850,2021-06-16,27600,27600,27200,27300,47565,-1.098901098901099,27470.0,26665.0,26049.166666666668,99.381143065162,102.38139883742734,104.8018170766819,1081.4342328593102,28827.86846571862,24502.13153428138,27366.666666666668,0.0,1301695500.0,3.21965439382616,76.3013766847087,0.0,-100
851,851,2021-06-17,27100,27450,27000,27300,43523,0.0,27540.0,26730.0,26105.83333333333,99.12854030501089,102.1324354657688,104.57432885370449,1078.4247771634352,28886.84955432687,24573.15044567313,27133.33333333333,0.0,1180924066.0,2.889948565577982,74.292719218733,0.0,-100
852,852,2021-06-18,27450,27450,26950,27100,54506,-0.7380073800738007,27420.0,26812.5,26154.166666666668,98.83296863603208,101.07226107226109,103.6163772502788,1037.6941796725666,28887.88835934513,24737.111640654868,27166.666666666668,1480746333.0,0.0,2.638325650288333,72.51482972886852,0.0,-100
853,853,2021-06-21,26950,27050,26350,26550,98877,-2.0715630885122414,27170.0,26885.0,26194.166666666668,97.71807140228192,98.75395201785382,101.35844494639392,959.4543405389088,28803.908681077817,24966.091318922183,26616.666666666668,0.0,2631776150.0,2.0654285130983774,67.37813340852462,0.0,-100
854,854,2021-06-22,26700,26800,26500,26650,27061,0.3752345215759849,26980.0,26967.5,26237.5,98.77687175685692,98.82265690182628,101.57217722725107,853.9806173074697,28675.46123461494,25259.53876538506,26616.666666666668,0.0,720273616.0,1.645258379288465,62.19650950433866,0.0,-100
855,855,2021-06-23,26700,26950,26650,26800,44483,0.5597014925373134,26880.0,27052.5,26284.166666666668,99.70238095238096,99.06662970150632,101.96252496750262,734.573811274627,28521.64762254925,25583.352377450745,26716.666666666668,1188437483.0,0.0,1.442003825413032,59.05002319843362,0.0,-100
856,856,2021-06-24,27100,27100,26300,26350,65377,-1.7077798861480076,26690.0,27095.0,26324.166666666668,98.72611464968152,97.25041520575752,100.0981354268891,660.9204108466383,28416.84082169328,25773.159178306723,26583.33333333333,0.0,1737938583.0,1.4810117993915255,59.69386359850234,0.0,-100
857,857,2021-06-25,26500,26600,26350,26500,26244,0.5660377358490566,26570.0,27150.0,26360.83333333333,99.73654497553632,97.60589318600368,100.52792969367432,548.6826328388319,28247.365265677665,26052.63473432233,26450.0,0.0,694153800.0,0.7078049333738682,41.44530323937865,0.0,-100
858,858,2021-06-28,26650,26950,26500,26800,38163,1.1194029850746268,26620.0,27187.5,26387.5,100.67618332081145,98.57471264367815,101.56324017053528,492.2758640394575,28172.05172807892,26202.948271921086,26650.0,1017043950.0,0.0,0.9023711131983964,47.43402099295276,0.0,-100
859,859,2021-06-29,26900,27550,26800,27500,98795,2.5454545454545454,26790.0,27222.5,26425.83333333333,102.6502426278462,101.01937735329231,104.06483554602504,488.14228943705234,28198.784578874103,26246.215421125897,27066.666666666668,2674051333.0,0.0,1.2547316569219429,55.64882424345101,0.0,-100
860,860,2021-06-30,27600,27850,27550,27650,62456,0.5424954792043399,26960.0,27215.0,26476.666666666668,102.5593471810089,101.59838324453428,104.43157497167316,479.8848546101611,28174.769709220323,26255.23029077968,27600.0,1723785600.0,0.0,1.7871088629599707,64.12052599416666,0.0,-100
861,861,2021-07-01,27800,27850,27400,27550,67010,-0.3629764065335753,27200.0,27200.0,26523.33333333333,101.28676470588236,101.28676470588236,103.87080557999246,463.397067432745,28126.79413486549,26273.20586513451,27583.33333333333,0.0,1848359166.0,1.0582239026985372,51.41442101178107,0.0,-100
862,862,2021-07-02,27550,27550,27150,27300,48112,-0.9157509157509158,27360.0,27197.5,26566.666666666668,99.78070175438596,100.37687287434508,102.7603513174404,462.6795526290928,28122.859105258187,26272.140894741813,27333.33333333333,0.0,1315061333.0,0.6105930436766532,37.91106922222852,0.0,-100
863,863,2021-07-05,27550,28500,27550,28050,204559,2.6737967914438503,27610.0,27205.0,26619.166666666668,101.59362549800797,103.1060466825951,105.37519957424162,475.698931766948,28156.397863533897,26253.602136466103,27716.666666666668,5669693616.0,0.0,1.2032842571970568,54.6132099508501,0.0,-100
864,864,2021-07-06,28050,28350,27600,27750,73296,-1.0810810810810811,27660.0,27225.0,26661.666666666668,100.32537960954446,101.9283746556474,104.08201537788337,490.30065963866514,28205.60131927733,26244.39868072267,27800.0,2037628800.0,0.0,1.559106267392592,60.923857960034056,0.0,-100
865,865,2021-07-07,27650,27850,27450,27600,45666,-0.5434782608695652,27650.0,27240.0,26696.666666666668,99.81916817359856,101.32158590308372,103.3836933449869,497.2556263077792,28234.51125261556,26245.488747384443,27566.666666666668,0.0,1258859400.0,1.5472010701433223,60.74122252375886,0.0,-100
866,866,2021-07-08,27650,28150,27350,27800,131766,0.7194244604316548,27700.0,27282.5,26735.0,100.36101083032491,101.896820306057,103.98354217318122,507.3862330352383,28297.27246607048,26267.727533929523,27600.0,3636741600.0,0.0,1.7584401563637946,63.74762752445532,0.0,-100
867,867,2021-07-09,27600,27750,26750,27150,78834,-2.394106813996317,27670.0,27255.0,26759.166666666668,98.12070834839176,99.6147495872317,101.46055868705427,498.39215166584455,28251.78430333169,26258.21569666831,27166.666666666668,0.0,2141657000.0,1.847141095785958,64.87704801563589,0.0,-100
868,868,2021-07-12,27250,27350,26950,27200,39570,0.1838235294117647,27500.0,27225.0,26783.33333333333,98.9090909090909,99.90817263544535,101.5556938394524,481.6364647849364,28188.27292956988,26261.727070430126,27133.33333333333,0.0,1073666000.0,1.782316334247144,64.05872374427238,0.0,-100
869,869,2021-07-13,27200,27600,27200,27400,37533,0.7299270072992701,27430.0,27215.0,26798.33333333333,99.8906306963179,100.6797721844571,102.24516450027988,475.4775992288448,28165.95519845769,26264.04480154231,27266.666666666668,1023399800.0,0.0,1.7659267933148566,63.84575316971645,0.0,-100
870,870,2021-07-14,27300,27400,26900,27050,37581,-1.2939001848428835,27320.0,27202.5,26805.0,99.0117130307467,99.4393897619704,100.91400858048873,476.4106477222805,28155.321295444563,26249.67870455544,27083.33333333333,0.0,1017818750.0,1.901941408569728,65.54031046089013,0.0,-100
871,871,2021-07-15,27150,27400,27000,27350,25179,1.0968921389396709,27230.0,27205.0,26816.666666666668,100.44069041498346,100.53299025914356,101.98881292728404,477.07993371960185,28159.159867439204,26250.8401325608,27166.666666666668,684029500.0,0.0,2.133503709912677,68.08684167704823,0.0,-100
872,872,2021-07-16,27350,27600,27150,27500,52380,0.5454545454545455,27300.0,27225.0,26835.83333333333,100.73260073260072,101.010101010101,102.47492469645684,480.8161920384137,28186.632384076827,26263.367615923173,27333.33333333333,1431720000.0,0.0,2.181413108994108,68.567426934499,0.0,-100
873,873,2021-07-19,27500,28200,27500,27650,134161,0.5424954792043399,27390.0,27280.0,26860.83333333333,100.9492515516612,101.35630498533726,102.93798281264544,462.0890777647516,28204.178155529506,26355.82184447049,27550.0,3696135550.0,0.0,2.299499120103467,69.69236955066557,0.0,-100
874,874,2021-07-20,27450,27500,27000,27100,60710,-2.029520295202952,27330.0,27302.5,26877.5,99.1584339553604,99.25830967860088,100.82782996930516,440.2376750419264,28182.97535008385,26422.024649916148,27183.33333333333,0.0,1650300166.0,1.7640053935416653,63.8206205264076,0.0,-100
875,875,2021-07-21,27300,27300,26800,26900,41409,-0.7434944237918215,27300.0,27307.5,26890.83333333333,98.53479853479854,98.50773596997162,100.03408844401748,434.7640013180832,28177.028002636165,26437.971997363835,27000.0,0.0,1118043000.0,1.8985460806977448,65.49994472541636,0.0,-100
876,876,2021-07-22,27050,27100,26750,26900,39008,0.0,27210.0,27335.0,26891.666666666668,98.86071297317164,98.40863361990122,100.03098853424233,385.6300381399177,28106.26007627984,26563.739923720164,26900.0,0.0,1049315200.0,1.952740466475294,66.13315625420657,0.0,-100
877,877,2021-07-23,26900,27250,26800,27250,30780,1.2844036697247707,27160.0,27372.5,26898.33333333333,100.33136966126656,99.55247054525528,101.3073920317244,333.03824657870064,28038.5764931574,26706.4235068426,26983.33333333333,830547000.0,0.0,1.432942013300586,58.89749963077104,0.0,-100
878,878,2021-07-26,27250,27250,26950,26950,20326,-1.1131725417439702,27020.0,27380.0,26900.83333333333,99.74093264248704,98.42951059167277,100.1827700504941,320.93613071763184,28021.872261435263,26738.127738564737,27050.0,549818300.0,0.0,1.2731283812936387,56.00776409157764,0.0,-100
879,879,2021-07-27,27100,27300,26900,27150,33609,0.7366482504604052,27030.0,27362.5,26901.666666666668,100.4439511653718,99.223389675651,100.92311504863392,323.5798933315016,28009.659786663004,26715.340213337,27050.0,0.0,909123450.0,1.3228228636878083,56.94893417691097,0.0,-100
880,880,2021-07-28,27100,27150,26750,27000,30444,-0.5555555555555556,27050.0,27330.0,26900.83333333333,99.81515711645102,98.79253567508232,100.3686378984542,325.818806603988,27981.63761320797,26678.362386792025,26950.0,0.0,820465800.0,0.8400125846278091,45.65254562091616,0.0,-100
881,881,2021-07-29,27000,27100,26750,27100,21449,0.3690036900369003,27090.0,27307.5,26906.666666666668,100.03691399040235,99.24013549391194,100.71853320118927,325.36416844094555,27958.22833688189,26656.77166311811,26950.0,0.0,578050550.0,0.9998621399626132,49.99655326148158,0.0,-100
882,882,2021-07-30,26950,27100,26750,26850,33527,-0.931098696461825,27010.0,27285.0,26909.166666666668,99.40762680488707,98.40571742715778,99.78012449289275,341.089585392405,27967.17917078481,26602.82082921519,26850.0,0.0,900199950.0,1.021425649004141,50.52996381575292,0.0,-100
883,883,2021-08-02,26850,27050,26700,27050,29412,0.7393715341959335,27030.0,27235.0,26916.666666666668,100.07399186089528,99.3207270056912,100.4953560371517,292.9433212648636,27820.886642529727,26649.11335747028,26866.666666666668,790202400.0,0.0,0.9924329580676748,49.81010548180091,0.0,-100
884,884,2021-08-03,27000,27100,26900,27100,21385,0.1845018450184501,27020.0,27202.5,26920.83333333333,100.29607698001482,99.62319639738996,100.66553165144715,267.77592753723394,27738.051855074467,26666.948144925533,27000.0,577395000.0,0.0,1.218397273569207,54.92241124191937,0.0,-100
885,885,2021-08-04,27100,27400,26850,27000,55875,-0.3703703703703704,27020.0,27172.5,26929.166666666668,99.9259807549963,99.3651669886834,100.2630357419155,254.162712077384,27680.82542415477,26664.17457584523,26983.33333333333,0.0,1507693750.0,0.9229627522358584,47.99691263716447,0.0,-100
886,886,2021-08-05,27000,27700,27000,27650,75695,2.3508137432188065,27130.0,27165.0,26949.166666666668,101.9166973829709,101.78538560647893,102.60057515693126,236.2536549424984,27637.507309885,26692.492690115003,27216.666666666668,2060165583.0,0.0,0.996609939931708,49.91510459803661,1.0,0
887,887,2021-08-06,27900,28000,27450,27800,53207,0.539568345323741,27320.0,27197.5,26973.33333333333,101.75695461200584,102.21527713944296,103.06475531389027,275.5258130996358,27748.55162619927,26646.44837380073,27716.666666666668,1474720683.0,0.0,0.7362835694616972,42.40572118585263,1.0,-100
888,888,2021-08-09,27950,28000,27450,27700,66302,-0.3610108303249097,27450.0,27222.5,26991.666666666668,100.91074681238617,101.75406373404353,102.6242667489966,297.5668876598737,27817.633775319748,26627.36622468025,27700.0,0.0,1836565400.0,0.7205550636862471,41.87922135676817,0.0,-100
889,889,2021-08-10,27700,27750,27100,27300,40659,-1.465201465201465,27490.0,27217.5,27009.166666666668,99.30883957802835,100.30311380545604,101.07679491530652,295.2585842595475,27808.01716851909,26626.982831480906,27366.666666666668,0.0,1112701300.0,0.7209967595792913,41.8941381246728,0.0,-100
890,890,2021-08-11,27250,27550,27100,27350,42616,0.1828153564899451,27560.0,27232.5,27033.33333333333,99.23802612481856,100.43146975121635,101.17139334155364,293.9186246135855,27820.33724922717,26644.66275077283,27233.33333333333,0.0,1160575733.0,0.7119072336065664,41.58561980643971,0.0,-100
891,891,2021-08-12,27350,29500,27250,27700,613455,1.263537906137184,27570.0,27250.0,27061.666666666668,100.4715270221255,101.651376146789,102.35881012502308,311.19464208620764,27872.389284172416,26627.610715827584,27433.33333333333,16829115500.0,0.0,2.5246989629852408,71.62878275559027,0.0,-100
892,892,2021-08-13,27800,28000,26500,27050,152609,-2.4029574861367835,27420.0,27227.5,27088.33333333333,98.6506199854121,99.34808557524562,99.85848766381592,308.42341026583074,27844.34682053166,26610.65317946834,27116.666666666668,0.0,4138247383.0,1.6763522540166964,62.635710658072384,0.0,-100
893,893,2021-08-17,27100,27350,26850,27000,94811,-0.1851851851851852,27280.0,27195.0,27120.0,98.97360703812316,99.28295642581358,99.5575221238938,295.5369778270781,27786.07395565416,26603.926044345844,26983.33333333333,0.0,2558316816.0,1.487160185398677,59.79350241007071,0.0,-100
894,894,2021-08-18,26750,27200,26700,27050,43723,0.1848428835489833,27230.0,27192.5,27154.166666666668,99.3389643775248,99.47595844442402,99.61638790854688,296.5924902339283,27785.684980467857,26599.315019532143,26833.33333333333,0.0,1173233833.0,1.452104918040284,59.218710723063296,0.0,-100
895,895,2021-08-19,27000,27600,26800,27000,116038,-0.1851851851851852,27160.0,27197.5,27185.83333333333,99.41089837997056,99.27383031528632,99.31643319130676,292.21252179662287,27781.925043593244,26613.07495640676,26933.33333333333,3125290133.0,0.0,1.7276684811959229,63.33865325299507,0.0,-100
896,896,2021-08-20,27100,27150,25400,25650,172401,-5.263157894736842,26750.0,27135.0,27188.33333333333,95.88785046728972,94.5273631840796,94.34193587936002,450.1754044112663,28035.35080882253,26234.64919117747,26050.0,0.0,4491046050.0,1.382598928969756,58.02902503475885,1.0,-100
897,897,2021-08-23,25800,27000,25450,26550,64034,3.389830508474576,26650.0,27100.0,27207.5,99.624765478424,97.97047970479706,97.58338693374988,467.6368361520731,28035.273672304145,26164.72632769585,25933.33333333333,0.0,1660615066.0,1.2254540771243487,55.06535002096454,0.0,-100
898,898,2021-08-24,26850,28500,26600,27350,127354,2.9250457038391224,26720.0,27120.0,27229.166666666668,102.35778443113772,100.8480825958702,100.44376434583012,469.4341498577161,28058.868299715432,26181.131700284568,26933.33333333333,3430067733.0,0.0,1.3707096100536265,57.81853687354903,0.0,-100
899,899,2021-08-25,27500,27550,26950,27300,34333,-0.1831501831501831,26770.0,27127.5,27237.5,101.97982816585731,100.6358860934476,100.22946305644793,471.1338506870027,28069.767701374007,26185.232298626,27250.0,935574250.0,0.0,1.5362898111622338,60.57232909271681,0.0,-100
900,900,2021-08-26,27250,27300,26700,26800,34018,-1.8656716417910448,26730.0,27117.5,27220.83333333333,100.26187803965584,98.8291693555822,98.45400275524264,476.0791066508577,28069.658213301715,26165.341786698285,26916.666666666668,0.0,915651166.0,1.3542727092165867,57.52403720753479,0.0,-100
901,901,2021-08-27,26900,27200,26600,27100,31262,1.107011070110701,27020.0,27117.5,27208.33333333333,100.29607698001482,99.93546602747304,99.60183767228176,476.0791066508577,28069.658213301715,26165.341786698285,26866.666666666668,0.0,839905733.0,1.2229205352096415,55.01413639576231,0.0,-100
902,902,2021-08-30,27250,27300,26600,26850,60723,-0.931098696461825,27080.0,27117.5,27200.0,99.1506646971935,99.01355213423066,98.71323529411764,476.0791066508577,28069.658213301715,26165.341786698285,26900.0,1633448700.0,0.0,1.437843485475417,58.98013937490394,0.0,-100
903,903,2021-08-31,26850,27000,26500,26900,55209,0.1858736059479553,26990.0,27110.0,27183.33333333333,99.66654316413486,99.22537808926596,98.95769466584916,478.3744404367387,28066.74888087348,26153.25111912652,26750.0,0.0,1476840750.0,1.4094105953967184,58.49607360777185,0.0,-100
904,904,2021-09-01,26800,27050,26600,27000,48156,0.3703703703703704,26930.0,27105.0,27177.5,100.25993316004455,99.61261759822912,99.34688621102016,479.0066475750181,28063.013295150035,26146.986704849965,26800.0,1290580800.0,0.0,1.5790137495946437,61.22548783785372,0.0,-100
905,905,2021-09-02,27050,27500,26950,27350,70331,1.279707495429616,27040.0,27122.5,27178.33333333333,101.146449704142,100.83878698497556,100.631630588091,481.3563621356074,28085.212724271216,26159.787275728784,27116.666666666668,1907142283.0,0.0,0.7141651889183696,41.6625651678882,0.0,-100
906,906,2021-09-03,27350,27550,27200,27250,49319,-0.3669724770642202,27070.0,27102.5,27183.33333333333,100.66494274104174,100.544230237063,100.24524831391786,466.36189922916793,28035.223798458337,26169.776201541663,27266.666666666668,1344764733.0,0.0,1.0420307742171375,51.02914154741991,0.0,-100
907,907,2021-09-06,27200,27250,26900,27050,40339,-0.7393715341959335,27110.0,27065.0,27172.5,99.77867945407598,99.94457786809534,99.54917655718096,436.5233459724146,27938.04669194483,26191.95330805517,27050.0,0.0,1091169950.0,1.1732766084522075,53.98652909110391,0.0,-100
908,908,2021-09-07,27150,27150,26700,27050,27939,0.0,27140.0,27032.5,27160.0,99.66838614591008,100.0647368907796,99.59499263622976,410.158826746298,27852.817653492595,26212.182346507405,26966.666666666668,0.0,753421700.0,1.217142588546782,54.89690175247383,0.0,-100
909,909,2021-09-08,26850,27000,26600,26900,45853,-0.5576208178438662,27120.0,27012.5,27148.33333333333,99.18879056047196,99.5835261453031,99.08527226962984,406.161427591497,27824.822855182992,26200.177144817008,26783.33333333333,0.0,1228096183.0,0.8462545509830399,45.83628787982951,0.0,-100
910,910,2021-09-09,26600,26800,26150,26150,72238,-2.8680688336520075,26880.0,26952.5,27129.166666666668,97.2842261904762,97.0225396530934,96.39072339118414,440.835032995104,27834.17006599021,26070.82993400979,26300.0,0.0,1899859400.0,1.068523079740349,51.65632862430886,0.0,-100
911,911,2021-09-10,26150,26400,25850,26300,28964,0.5703422053231939,26690.0,26882.5,27112.5,98.53877856875232,97.83316283827769,97.00322729368372,426.82271680283424,27736.145433605667,26028.854566394333,26100.0,0.0,755960400.0,1.1763965991444123,54.05249206908699,0.0,-100
912,912,2021-09-13,26300,26300,25700,26000,64995,-1.153846153846154,26480.0,26830.0,27094.166666666668,98.18731117824774,96.90644800596348,95.96161535385843,467.74937058665904,27765.49874117332,25894.501258826684,26000.0,0.0,1689870000.0,0.6676988836689269,40.03713681213204,0.0,-100
913,913,2021-09-14,26000,26200,25850,26000,32628,0.0,26270.0,26780.0,27085.0,98.972211648268,97.0873786407767,95.99409267122024,500.8939377174677,27781.787875434937,25778.212124565063,25950.0,0.0,846696600.0,0.537156044336043,34.94479602869866,0.0,-100
914,914,2021-09-15,26000,26150,25750,26100,33307,0.3831417624521072,26110.0,26732.5,27075.83333333333,99.96170049789352,97.63396614607689,96.39592502539163,518.6711258997461,27769.84225179949,25695.15774820051,25950.0,0.0,864316650.0,0.5395651230209079,35.04659302506039,0.0,-100
915,915,2021-09-16,26050,26200,25800,25800,17095,-1.162790697674419,26040.0,26672.5,27059.166666666668,99.07834101382488,96.72884056612617,95.3466169813064,554.2835584408939,27781.067116881783,25563.932883118214,25883.33333333333,0.0,442475583.0,0.5589736785726769,35.855235162433715,0.0,-100
916,916,2021-09-17,25800,25800,25450,25750,27586,-0.1941747572815534,25930.0,26677.5,27049.166666666668,99.30582337061318,96.52328741448788,95.1970177762716,544.9468829740777,27767.39376594816,25587.606234051844,25666.666666666668,0.0,708040666.0,0.3863728185372343,27.869330195386937,0.0,-100
917,917,2021-09-23,25500,25650,24500,25300,45617,-1.7786561264822136,25790.0,26615.0,27029.166666666668,98.10003877471888,95.05917715573923,93.60258979497456,625.9939464983961,27866.9878929968,25363.012107003207,25100.0,0.0,1144986700.0,0.3975956260772367,28.44854539171719,1.0,0
918,918,2021-09-24,25300,25750,25250,25450,36627,0.5893909626719057,25680.0,26520.0,27006.666666666668,99.1043613707165,95.96530920060331,94.23599111330536,652.2027453580954,27824.40549071619,25215.59450928381,25333.33333333333,927884000.0,0.0,0.3658494404816977,26.785488183285608,0.0,-100
919,919,2021-09-27,25500,25750,25450,25600,28353,0.5859375,25580.0,26435.0,26975.0,100.07818608287724,96.8413088708152,94.902687673772,655.9645369105068,27746.92907382101,25123.070926178985,25516.666666666668,723474050.0,0.0,0.2622451312946257,20.776085784989576,0.0,-100
920,920,2021-09-28,25500,25600,24800,25000,47220,-2.4,25420.0,26345.0,26930.83333333333,98.34775767112512,94.8946669197191,92.83039886128044,723.2783550939247,27791.556710187848,24898.443289812152,25100.0,0.0,1185222000.0,0.1309550262662488,11.579154186049792,0.0,-100
921,921,2021-09-29,24300,25050,24300,25050,53864,0.1996007984031935,25280.0,26242.5,26889.166666666668,99.09018987341771,95.45584452700771,93.16019462608855,755.2056185674168,27752.911237134835,24732.088762865165,24550.0,0.0,1322361200.0,0.1285973491214731,11.394440118220755,0.0,-100
922,922,2021-09-30,24900,25650,24800,25050,21403,0.0,25230.0,26152.5,26851.666666666668,99.28656361474437,95.78434184112416,93.29029855378312,785.6400340855217,27723.780068171043,24581.21993182896,24916.666666666668,533291416.0,0.0,0.1807304914764619,15.306667591049075,0.0,-100
923,923,2021-10-01,24900,25050,24550,24700,53767,-1.417004048582996,25080.0,26042.5,26795.83333333333,98.48484848484848,94.84496496112124,92.17851034053804,828.3266263980685,27699.15325279613,24385.846747203865,24716.666666666668,0.0,1328941016.0,0.1792351973884426,15.199274732078932,0.0,-100
924,924,2021-10-05,24550,24800,24250,24650,108761,-0.2028397565922921,24890.0,25925.0,26744.166666666668,99.03575733226197,95.08196721311477,92.16963200697973,851.7010842086032,27628.402168417208,24221.597831582792,24483.33333333333,0.0,2662831816.0,0.1686766233167695,14.43313059844185,0.0,-100
925,925,2021-10-06,24650,24850,24200,24200,108144,-1.859504132231405,24730.0,25767.5,26687.5,97.8568540234533,93.91675560298826,90.6791569086651,865.45926353706,27498.41852707412,24036.58147292588,24350.0,0.0,2633306400.0,0.1473222942591886,12.84053269045144,0.0,-100
926,926,2021-10-07,24350,24800,24350,24650,19862,1.8255578093306288,24650.0,25637.5,26635.0,100.0,96.14822038030228,92.54740003754458,825.3986277774195,27288.29725555484,23986.70274444516,24450.0,485625900.0,0.0,0.2032300070645108,16.89037057514264,0.0,-100
927,927,2021-10-08,24750,24900,24700,24750,17924,0.404040404040404,24590.0,25522.5,26595.0,100.65067100447337,96.9732588892154,93.06260575296108,777.0516138110266,27076.60322762205,23968.396772377942,24733.33333333333,443320266.0,0.0,0.2532926730458443,20.210177438464868,0.0,-100
928,928,2021-10-12,24850,25050,24550,24900,26729,0.6024096385542169,24630.0,25415.0,26556.666666666668,101.09622411693056,97.97363761558135,93.76176729007156,699.4546748040706,26813.90934960814,24016.09065039186,24766.666666666668,661988233.0,0.0,0.3303753261461486,24.833242142515147,0.0,-100
929,929,2021-10-13,24900,25250,24900,25200,15798,1.1904761904761905,24740.0,25330.0,26520.0,101.85933710590136,99.48677457560206,95.02262443438912,606.6300355241281,26543.26007104825,24116.739928951745,25000.0,394950000.0,0.0,0.3796333176783552,27.51697228631747,0.0,-100
930,930,2021-10-14,25450,26700,25400,26500,93158,4.905660377358491,25200.0,25347.5,26510.83333333333,105.15873015873017,104.54679948712892,99.9591362021815,635.873828928188,26619.247657856376,24075.752342143624,25783.33333333333,2401923766.0,0.0,0.6394903685256493,39.00543612834556,0.0,-100
931,931,2021-10-15,26350,26600,26150,26400,32994,-0.3787878787878788,25550.0,25352.5,26495.0,103.32681017612524,104.13174243171288,99.6414417814682,644.0976960875331,26640.695392175065,24064.30460782493,26300.0,867742200.0,0.0,0.8146802628913811,44.89387356830168,0.0,-100
932,932,2021-10-18,26350,26400,25850,26150,37508,-0.9560229445506692,25830.0,25360.0,26472.5,101.23886953155244,103.11514195583597,98.78175465105298,652.8480116503339,26665.69602330067,24054.30397669933,26116.666666666668,0.0,979583933.0,0.6440028848130225,39.17285612830703,0.0,-100
933,933,2021-10-19,26100,26200,25500,25950,29912,-0.7707129094412332,26040.0,25357.5,26444.166666666668,99.65437788018431,102.33658680863648,98.131282891627,650.3592124842723,26658.218424968545,24056.78157503145,25850.0,0.0,773225200.0,0.5317952232416676,34.71712244383775,0.0,-100
934,934,2021-10-20,25900,26050,25650,25800,29693,-0.5813953488372093,26160.0,25342.5,26422.5,98.62385321100918,101.80526783071916,97.64405336361057,635.6254690005037,26613.75093800101,24071.24906199899,25783.33333333333,0.0,765584516.0,0.5531180540602343,35.61339414053214,0.0,-100
935,935,2021-10-21,25800,27050,25800,25950,106806,0.5780346820809248,26050.0,25350.0,26406.666666666668,99.61612284069098,102.36686390532545,98.27063872759403,642.1591866917709,26634.318373383543,24065.681626616457,25850.0,2760935100.0,0.0,0.935068872875022,48.32225281396556,0.0,-100
936,936,2021-10-22,25950,26500,25750,26400,66924,1.7045454545454544,26050.0,25382.5,26398.33333333333,101.34357005758156,104.00866738894908,100.00631352989456,678.8680594233817,26740.23611884676,24024.76388115324,26033.33333333333,1742254800.0,0.0,1.06729033836569,51.627500915495176,0.0,-100
937,937,2021-10-25,26400,26400,25800,25950,26914,-1.7341040462427744,26010.0,25415.0,26376.666666666668,99.76931949250287,102.10505606925044,98.38240869455326,690.1754162987573,26795.35083259752,24034.649167402484,26050.0,701109700.0,0.0,1.3385126768562994,57.23777724633436,0.0,-100
938,938,2021-10-26,26200,26250,25800,26100,26264,0.5747126436781609,26040.0,25447.5,26362.5,100.23041474654376,102.56410256410255,99.00426742532004,707.0090820528886,26861.51816410578,24033.48183589422,26033.33333333333,0.0,683739466.0,1.792469948169791,64.18940871125906,0.0,-100
939,939,2021-10-27,26050,26100,25800,25850,19892,-0.9671179883945842,26050.0,25460.0,26340.83333333333,99.23224568138195,101.53181461115474,98.13660666265936,712.0393247567196,26884.07864951344,24035.92135048656,25900.0,0.0,515202800.0,2.8138027351235486,73.77945139137867,0.0,-100
940,940,2021-10-28,25950,26200,25800,25900,22863,0.193050193050193,26040.0,25505.0,26322.5,99.46236559139786,101.54871593805136,98.39490929812898,709.8739695407799,26924.74793908156,24085.25206091844,25883.33333333333,0.0,591770650.0,2.314684938639943,69.8312202060956,0.0,-100
941,941,2021-10-29,26000,26000,25650,25750,21928,-0.5825242718446602,25910.0,25540.0,26300.0,99.38247780779622,100.82223962411902,97.90874524714827,703.4875527272038,26946.975105454407,24133.0248945456,25800.0,0.0,565742400.0,1.9551177620946047,66.16040102269244,0.0,-100
942,942,2021-11-01,25900,25900,25550,25550,21752,-0.7827788649706457,25830.0,25565.0,26278.33333333333,98.9159891598916,99.94132603168394,97.22838840616478,693.9778549477642,26952.955709895527,24177.04429010448,25666.666666666668,0.0,558301333.0,1.6323707388077855,62.01143002930866,0.0,-100
943,943,2021-11-02,25600,25850,25550,25700,14432,0.5836575875486382,25750.0,25615.0,26255.83333333333,99.80582524271846,100.3318368143666,97.8830101247342,663.741389080832,26942.482778161662,24287.517221838338,25616.666666666668,0.0,369699733.0,1.4603109714589142,59.35473151156089,0.0,-100
944,944,2021-11-03,25750,26050,25500,25900,29493,0.7722007722007722,25760.0,25677.5,26235.83333333333,100.54347826086956,100.86651737902834,98.71994409681416,625.862562683235,26929.22512536647,24425.77487463353,25716.666666666668,758461650.0,0.0,1.1770946023953863,54.06722340408485,0.0,-100
945,945,2021-11-04,25900,26050,25600,25650,20537,-0.9746588693957114,25710.0,25750.0,26213.33333333333,99.76662777129522,99.6116504854369,97.85096642929808,520.8798224866167,26791.75964497324,24708.240355026766,25716.666666666668,0.0,528143183.0,0.941836620013158,48.502361645995535,0.0,-100
946,946,2021-11-05,25650,25800,25100,25650,24186,0.0,25690.0,25800.0,26180.0,99.84429739198131,99.4186046511628,97.9755538579068,453.3501028890132,26706.700205778023,24893.299794221974,25466.666666666668,0.0,615936800.0,0.9992316800571366,49.980784619648446,0.0,-100
947,947,2021-11-08,25650,25650,25000,25100,51315,-2.1912350597609564,25600.0,25817.5,26135.0,98.046875,97.22087731190084,96.0397933805242,415.89314163996863,26649.286283279936,24985.713716720064,25250.0,0.0,1295703750.0,0.9187861905416717,47.88371914863006,0.0,-100
948,948,2021-11-09,25450,25450,25000,25250,19918,0.594059405940594,25510.0,25835.0,26094.166666666668,98.98079184633475,97.73562995935748,96.7649219174145,381.168563347262,26597.337126694525,25072.662873305475,25233.33333333333,0.0,502597533.0,0.9575906081179396,48.91679619563475,0.0,-100
949,949,2021-11-10,25050,25400,25050,25150,25442,-0.3976143141153081,25360.0,25832.5,26058.33333333333,99.17192429022084,97.35797928965452,96.51423089222898,385.6897444156035,26603.879488831208,25061.120511168792,25083.33333333333,0.0,638170166.0,0.4663980343140218,31.805691456221965,0.0,-100
950,950,2021-11-11,24850,25500,24850,25300,16397,0.592885375494071,25290.0,25772.5,26024.166666666668,100.03954132068012,98.16665049956347,97.21733004579076,369.3789239706149,26511.25784794123,25033.74215205877,25000.0,0.0,409925000.0,0.2006302171191432,16.710408771865346,0.0,-100
951,951,2021-11-12,25450,25900,25350,25600,13172,1.171875,25280.0,25732.5,25989.166666666668,101.26582278481013,99.48508695229768,98.50258120370668,339.9980650099812,26412.49613001996,25052.50386998004,25466.666666666668,335446933.0,0.0,0.1503668296282908,13.07120700593198,0.0,-100
952,952,2021-11-15,25850,25900,25500,25650,18443,0.1949317738791423,25390.0,25707.5,25965.83333333333,101.02402520677433,99.77632986482544,98.78365801213133,325.76832258524627,26359.03664517049,25055.963354829502,25666.666666666668,473370333.0,0.0,0.2377837871309855,19.210446089468988,0.0,-100
953,953,2021-11-16,26950,26950,26150,26500,141485,3.207547169811321,25640.0,25735.0,25957.5,103.3541341653666,102.9726054012046,102.0899547336993,367.8171742648997,26470.6343485298,24999.3656514702,26533.33333333333,3754068666.0,0.0,0.8757991869739821,46.68938941096416,1.0,0
954,954,2021-11-17,26650,26650,25450,25450,65993,-4.12573673870334,25700.0,25717.5,25930.83333333333,99.0272373540856,98.95985224069214,98.14570813381754,372.8535058734332,26463.207011746865,24971.79298825313,25850.0,0.0,1705919050.0,0.7400896728817987,42.53169732661655,0.0,-100
955,955,2021-11-18,25450,25700,25300,25500,52089,0.196078431372549,25740.0,25695.0,25905.83333333333,99.06759906759906,99.241097489784,98.4334287644353,371.660569535394,26438.321139070787,24951.678860929213,25416.666666666668,0.0,1323928750.0,0.6694929286976951,40.10157318964746,0.0,-100
956,956,2021-11-19,25400,26300,25400,25750,79767,0.9708737864077668,25770.0,25662.5,25907.5,99.92239037640668,100.3409644422796,99.39206793399596,333.19624373949705,26328.892487478995,24996.107512521005,25516.666666666668,2035387950.0,0.0,0.9954954905210514,49.887133057921055,0.0,-100
957,957,2021-11-22,25750,26550,25600,26350,109106,2.277039848197344,25910.0,25682.5,25904.166666666668,101.6981860285604,102.5990460430254,101.72108734116132,362.1118611700052,26406.72372234001,24958.27627765999,25900.0,2825845400.0,0.0,1.4504431128103483,59.19105427209341,0.0,-100
958,958,2021-11-23,26350,26400,26100,26150,36942,-0.7648183556405354,25840.0,25685.0,25884.166666666668,101.1996904024768,101.81039517227954,101.02701136473392,365.30448727199854,26415.608974544,24954.391025456003,26200.0,967880400.0,0.0,1.48027346580821,59.68186517392167,0.0,-100
959,959,2021-11-24,26300,26350,25900,26250,36450,0.3809523809523809,26000.0,25705.0,25866.666666666668,100.96153846153844,102.12021007586073,101.4819587628866,385.2203743860264,26475.440748772053,24934.559251227947,26150.0,0.0,953167500.0,1.3957707437881832,58.25977912983427,0.0,-100
960,960,2021-11-25,26250,26600,26100,26300,48757,0.1901140684410646,26160.0,25725.0,25858.33333333333,100.53516819571864,102.2351797862002,101.70802449242667,405.7157418167304,26536.43148363346,24913.56851636654,26216.666666666668,1278246016.0,0.0,1.7088215100969453,63.08357725776435,0.0,-100
961,961,2021-11-26,26300,26300,25800,25850,70040,-1.7408123791102514,26180.0,25730.0,25837.5,98.73949579831933,100.46638165565489,100.04837929366232,406.6551623336862,26543.31032466737,24916.68967533263,25983.33333333333,0.0,1819872666.0,1.5870153915011145,61.34541745344041,0.0,-100
962,962,2021-11-29,25100,25600,25050,25250,99482,-2.376237623762376,25960.0,25715.0,25810.83333333333,97.26502311248076,98.19171689675288,97.82713976689377,418.9900136983607,26552.980027396723,24877.01997260328,25133.33333333333,0.0,2500314266.0,1.2479814512685654,55.515647184913966,0.0,-100
963,963,2021-11-30,25400,25500,24300,24450,226112,-3.2719836400818,25620.0,25652.5,25770.0,95.43325526932084,95.31234772439332,94.87776484284052,505.6197343750328,26663.739468750067,24641.260531249933,24716.666666666668,0.0,5588734933.0,0.8159948378302666,44.93376417331723,1.0,-100
964,964,2021-12-01,24300,25300,24150,25100,37481,2.589641434262948,25390.0,25612.5,25738.33333333333,98.85781803859788,97.99902391410444,97.51991193420967,516.535778553936,26645.57155710788,24579.428442892127,24516.666666666668,0.0,918909183.0,0.7879526546824183,44.070107372187486,0.0,-100
965,965,2021-12-02,25000,25550,25000,25450,18612,1.37524557956778,25220.0,25602.5,25706.666666666668,100.91197462331482,99.40435504345278,99.0015560165975,517.7062263891659,26637.91245277833,24567.08754722167,25150.0,468091800.0,0.0,0.7969085822427573,44.34886616480622,0.0,-100
966,966,2021-12-03,25250,25700,25250,25650,47209,0.7797270955165692,25180.0,25602.5,25680.0,101.86656076250992,100.18552875695732,99.88317757009348,517.7062263891659,26637.91245277833,24567.08754722167,25383.33333333333,1198321783.0,0.0,0.8458559167141526,45.8245905899242,0.0,-100
967,967,2021-12-06,25600,25650,25150,25350,37580,-1.183431952662722,25200.0,25615.0,25651.666666666668,100.59523809523807,98.96544993168068,98.82398804496134,507.8592842821562,26630.71856856432,24599.281431435687,25366.666666666668,0.0,953279333.0,0.5565658081231076,35.7560088509338,0.0,-100
968,968,2021-12-07,25350,25600,25150,25600,55362,0.9765625,25430.0,25632.5,25627.5,100.6685017695635,99.87320784160734,99.89269339576626,500.5983262162703,26633.69665243254,24631.30334756746,25366.666666666668,0.0,1404349400.0,0.5674206341700532,36.2009164483471,0.0,-100
969,969,2021-12-08,25500,25700,25350,25600,32235,0.0,25530.0,25655.0,25605.83333333333,100.27418723070896,99.78561683882285,99.97721873271064,487.7175627887892,26630.43512557758,24679.56487442242,25483.33333333333,821455250.0,0.0,0.6786534794572607,40.42844385469488,0.0,-100
970,970,2021-12-09,25550,26100,25350,25550,47248,-0.1956947162426614,25550.0,25667.5,25595.83333333333,100.0,99.5422226551086,99.82093439687448,481.3016889534865,26630.103377906973,24704.896622093027,25483.33333333333,0.0,1204036533.0,0.4927332528854432,33.0087945674817,0.0,-100
971,971,2021-12-10,25500,25850,25350,25750,37084,0.7766990291262136,25570.0,25675.0,25586.666666666668,100.70394994133753,100.2921129503408,100.63835330901512,481.3631958467478,26637.726391693497,24712.273608306503,25533.33333333333,946878133.0,0.0,0.3702664316229278,27.02149181195284,0.0,-100
972,972,2021-12-13,25600,26050,25600,25750,26567,0.0,25650.0,25680.0,25582.5,100.3898635477583,100.27258566978192,100.65474445421675,481.6091448685932,26643.218289737182,24716.78171026281,25650.0,681443550.0,0.0,0.3515971279431698,26.013456278811603,0.0,-100
973,973,2021-12-14,25700,26050,25550,25800,34336,0.1937984496124031,25690.0,25645.0,25579.166666666668,100.42818217205138,100.60440631702086,100.86333279035674,442.7485920807413,26530.49718416148,24759.50281583852,25683.33333333333,881862933.0,0.0,0.4361722834518945,30.370470762987992,0.0,-100
974,974,2021-12-15,25800,26800,25650,26600,92601,3.007518796992481,25890.0,25702.5,25587.5,102.74237157203554,103.49187822196284,103.95701025891547,488.411765451636,26679.32353090327,24725.67646909673,26016.666666666668,2409169350.0,0.0,0.5147659540934227,33.98320068538288,0.0,-100
975,975,2021-12-16,26700,26800,26350,26450,36960,-0.5639097744360901,26070.0,25750.0,25598.33333333333,101.45761411584196,102.71844660194174,103.32703952080212,513.2456065389931,26776.491213077985,24723.50878692201,26500.0,979440000.0,0.0,0.6672166990723253,40.01979463398961,0.0,-100
976,976,2021-12-17,26300,26650,26100,26400,29448,-0.1890359168241966,26200.0,25782.5,25609.166666666668,100.76335877862594,102.3950353922234,103.08808694803292,533.4285825033928,26849.357165006782,24715.64283499321,26266.666666666668,0.0,773500800.0,0.7734768623841247,43.61358632806308,0.0,-100
977,977,2021-12-17,26300,26650,26100,26400,29538,0.0,26330.0,25785.0,25627.5,100.26585643752377,102.38510762070972,103.01434006438396,536.3374821293419,26857.674964258684,24712.32503574132,26266.666666666668,0.0,775864800.0,1.3908368459468907,58.17364109578334,0.0,-100
978,978,2021-12-20,26400,26700,25750,26400,56622,0.0,26450.0,25797.5,25643.33333333333,99.8109640831758,102.33549762573892,102.95073443390096,548.076781021361,26893.65356204272,24701.34643795728,26183.33333333333,0.0,1482552700.0,1.2719430511575016,55.98481222975534,0.0,-100
979,979,2021-12-21,26650,26700,26150,26400,52305,0.0,26410.0,25805.0,25656.666666666668,99.96213555471412,102.3057546987018,102.89723268806028,555.5698828561913,26916.13976571238,24693.86023428762,26400.0,1380852000.0,0.0,1.4103746325371134,58.512673237544846,0.0,-100
